Filename,Predictions
Image_1.jpg,BANDED ORANGE HELICONIAN
Image_2.jpg,COMMON WOOD-NYMPH
Image_3.jpg,BLUE MORPHO
Image_4.jpg,RED CRACKER
Image_5.jpg,AFRICAN GIANT SWALLOWTAIL
Image_6.jpg,VICEROY
Image_7.jpg,PIPEVINE SWALLOW
Image_8.jpg,PAPER KITE
Image_9.jpg,APPOLLO
Image_10.jpg,PAPER KITE
Image_11.jpg,INDRA SWALLOW
Image_12.jpg,COMMON WOOD-NYMPH
Image_13.jpg,SOOTYWING
Image_14.jpg,EASTERN DAPPLE WHITE
Image_15.jpg,LARGE MARBLE
Image_16.jpg,YELLOW SWALLOW TAIL
Image_17.jpg,CABBAGE WHITE
Image_18.jpg,CRECENT
Image_19.jpg,PAINTED LADY
Image_20.jpg,ULYSES
Image_21.jpg,SOUTHERN DOGFACE
Image_22.jpg,PAINTED LADY
Image_23.jpg,APPOLLO
Image_24.jpg,PAPER KITE
Image_25.jpg,RED SPOTTED PURPLE
Image_26.jpg,MOURNING CLOAK
Image_27.jpg,POPINJAY
Image_28.jpg,COPPER TAIL
Image_29.jpg,TWO BARRED FLASHER
Image_30.jpg,COPPER TAIL
Image_31.jpg,PINE WHITE
Image_32.jpg,EASTERN DAPPLE WHITE
Image_33.jpg,AFRICAN GIANT SWALLOWTAIL
Image_34.jpg,COPPER TAIL
Image_35.jpg,SOOTYWING
Image_36.jpg,WOOD SATYR
Image_37.jpg,ORANGE TIP
Image_38.jpg,GREY HAIRSTREAK
Image_39.jpg,AMERICAN SNOOT
Image_40.jpg,MONARCH
Image_41.jpg,MOURNING CLOAK
Image_42.jpg,ATALA
Image_43.jpg,CRIMSON PATCH
Image_44.jpg,ORANGE TIP
Image_45.jpg,ZEBRA LONG WING
Image_46.jpg,YELLOW SWALLOW TAIL
Image_47.jpg,AFRICAN GIANT SWALLOWTAIL
Image_48.jpg,RED CRACKER
Image_49.jpg,SILVER SPOT SKIPPER
Image_50.jpg,LARGE MARBLE
Image_51.jpg,ELBOWED PIERROT
Image_52.jpg,EASTERN DAPPLE WHITE
Image_53.jpg,DANAID EGGFLY
Image_54.jpg,COMMON WOOD-NYMPH
Image_55.jpg,MALACHITE
Image_56.jpg,MESTRA
Image_57.jpg,SOOTYWING
Image_58.jpg,COMMON WOOD-NYMPH
Image_59.jpg,VICEROY
Image_60.jpg,BANDED PEACOCK
Image_61.jpg,METALMARK
Image_62.jpg,CLEOPATRA
Image_63.jpg,IPHICLUS SISTER
Image_64.jpg,VICEROY
Image_65.jpg,CLEOPATRA
Image_66.jpg,ORANGE TIP
Image_67.jpg,BROWN SIPROETA
Image_68.jpg,COMMON WOOD-NYMPH
Image_69.jpg,BANDED ORANGE HELICONIAN
Image_70.jpg,TROPICAL LEAFWING
Image_71.jpg,CHESTNUT
Image_72.jpg,EASTERN PINE ELFIN
Image_73.jpg,TROPICAL LEAFWING
Image_74.jpg,ZEBRA LONG WING
Image_75.jpg,PAPER KITE
Image_76.jpg,SCARCE SWALLOW
Image_77.jpg,SCARCE SWALLOW
Image_78.jpg,MOURNING CLOAK
Image_79.jpg,TROPICAL LEAFWING
Image_80.jpg,BLUE SPOTTED CROW
Image_81.jpg,APPOLLO
Image_82.jpg,ORANGE OAKLEAF
Image_83.jpg,ORANGE OAKLEAF
Image_84.jpg,PIPEVINE SWALLOW
Image_85.jpg,SCARCE SWALLOW
Image_86.jpg,SCARCE SWALLOW
Image_87.jpg,MESTRA
Image_88.jpg,INDRA SWALLOW
Image_89.jpg,GREY HAIRSTREAK
Image_90.jpg,SOUTHERN DOGFACE
Image_91.jpg,APPOLLO
Image_92.jpg,MESTRA
Image_93.jpg,CRIMSON PATCH
Image_94.jpg,CLEOPATRA
Image_95.jpg,SOUTHERN DOGFACE
Image_96.jpg,VICEROY
Image_97.jpg,SCARCE SWALLOW
Image_98.jpg,EASTERN DAPPLE WHITE
Image_99.jpg,LARGE MARBLE
Image_100.jpg,AN 88
Image_101.jpg,WOOD SATYR
Image_102.jpg,PURPLE HAIRSTREAK
Image_103.jpg,SOUTHERN DOGFACE
Image_104.jpg,CHECQUERED SKIPPER
Image_105.jpg,STRAITED QUEEN
Image_106.jpg,METALMARK
Image_107.jpg,GREY HAIRSTREAK
Image_108.jpg,SOUTHERN DOGFACE
Image_109.jpg,INDRA SWALLOW
Image_110.jpg,VICEROY
Image_111.jpg,CLEOPATRA
Image_112.jpg,BANDED ORANGE HELICONIAN
Image_113.jpg,ORANGE TIP
Image_114.jpg,BECKERS WHITE
Image_115.jpg,GREAT JAY
Image_116.jpg,MILBERTS TORTOISESHELL
Image_117.jpg,GREAT JAY
Image_118.jpg,EASTERN COMA
Image_119.jpg,BLACK HAIRSTREAK
Image_120.jpg,BANDED ORANGE HELICONIAN
Image_121.jpg,EASTERN PINE ELFIN
Image_122.jpg,PIPEVINE SWALLOW
Image_123.jpg,MONARCH
Image_124.jpg,SOUTHERN DOGFACE
Image_125.jpg,IPHICLUS SISTER
Image_126.jpg,STRAITED QUEEN
Image_127.jpg,CABBAGE WHITE
Image_128.jpg,EASTERN PINE ELFIN
Image_129.jpg,BANDED PEACOCK
Image_130.jpg,ELBOWED PIERROT
Image_131.jpg,ATALA
Image_132.jpg,SLEEPY ORANGE
Image_133.jpg,ULYSES
Image_134.jpg,ORCHARD SWALLOW
Image_135.jpg,BLUE SPOTTED CROW
Image_136.jpg,MONARCH
Image_137.jpg,TWO BARRED FLASHER
Image_138.jpg,STRAITED QUEEN
Image_139.jpg,BLUE SPOTTED CROW
Image_140.jpg,SCARCE SWALLOW
Image_141.jpg,POPINJAY
Image_142.jpg,GREY HAIRSTREAK
Image_143.jpg,IPHICLUS SISTER
Image_144.jpg,BLUE MORPHO
Image_145.jpg,SOUTHERN DOGFACE
Image_146.jpg,STRAITED QUEEN
Image_147.jpg,CLEOPATRA
Image_148.jpg,CRIMSON PATCH
Image_149.jpg,SOOTYWING
Image_150.jpg,ELBOWED PIERROT
Image_151.jpg,ORCHARD SWALLOW
Image_152.jpg,MILBERTS TORTOISESHELL
Image_153.jpg,ORCHARD SWALLOW
Image_154.jpg,MONARCH
Image_155.jpg,CLOUDED SULPHUR
Image_156.jpg,PURPLE HAIRSTREAK
Image_157.jpg,ELBOWED PIERROT
Image_158.jpg,BLUE SPOTTED CROW
Image_159.jpg,CABBAGE WHITE
Image_160.jpg,WOOD SATYR
Image_161.jpg,VICEROY
Image_162.jpg,MILBERTS TORTOISESHELL
Image_163.jpg,SOUTHERN DOGFACE
Image_164.jpg,SOOTYWING
Image_165.jpg,AMERICAN SNOOT
Image_166.jpg,MILBERTS TORTOISESHELL
Image_167.jpg,GREAT EGGFLY
Image_168.jpg,CRIMSON PATCH
Image_169.jpg,RED ADMIRAL
Image_170.jpg,CLOUDED SULPHUR
Image_171.jpg,CLODIUS PARNASSIAN
Image_172.jpg,EASTERN DAPPLE WHITE
Image_173.jpg,CLODIUS PARNASSIAN
Image_174.jpg,PAPER KITE
Image_175.jpg,MALACHITE
Image_176.jpg,ORCHARD SWALLOW
Image_177.jpg,RED ADMIRAL
Image_178.jpg,EASTERN DAPPLE WHITE
Image_179.jpg,BLACK HAIRSTREAK
Image_180.jpg,METALMARK
Image_181.jpg,QUESTION MARK
Image_182.jpg,METALMARK
Image_183.jpg,STRAITED QUEEN
Image_184.jpg,MALACHITE
Image_185.jpg,EASTERN PINE ELFIN
Image_186.jpg,APPOLLO
Image_187.jpg,MOURNING CLOAK
Image_188.jpg,AN 88
Image_189.jpg,ADONIS
Image_190.jpg,GREY HAIRSTREAK
Image_191.jpg,POPINJAY
Image_192.jpg,PURPLE HAIRSTREAK
Image_193.jpg,IPHICLUS SISTER
Image_194.jpg,GREAT JAY
Image_195.jpg,POPINJAY
Image_196.jpg,CHESTNUT
Image_197.jpg,GREAT JAY
Image_198.jpg,CAIRNS BIRDWING
Image_199.jpg,BECKERS WHITE
Image_200.jpg,PURPLE HAIRSTREAK
Image_201.jpg,SOUTHERN DOGFACE
Image_202.jpg,MESTRA
Image_203.jpg,EASTERN PINE ELFIN
Image_204.jpg,EASTERN COMA
Image_205.jpg,ULYSES
Image_206.jpg,RED CRACKER
Image_207.jpg,GREAT JAY
Image_208.jpg,MILBERTS TORTOISESHELL
Image_209.jpg,IPHICLUS SISTER
Image_210.jpg,POPINJAY
Image_211.jpg,METALMARK
Image_212.jpg,METALMARK
Image_213.jpg,GREY HAIRSTREAK
Image_214.jpg,TWO BARRED FLASHER
Image_215.jpg,AFRICAN GIANT SWALLOWTAIL
Image_216.jpg,CLEOPATRA
Image_217.jpg,PIPEVINE SWALLOW
Image_218.jpg,COMMON WOOD-NYMPH
Image_219.jpg,CHECQUERED SKIPPER
Image_220.jpg,MESTRA
Image_221.jpg,SOOTYWING
Image_222.jpg,EASTERN COMA
Image_223.jpg,CLODIUS PARNASSIAN
Image_224.jpg,COPPER TAIL
Image_225.jpg,TROPICAL LEAFWING
Image_226.jpg,ZEBRA LONG WING
Image_227.jpg,VICEROY
Image_228.jpg,DANAID EGGFLY
Image_229.jpg,ORANGE TIP
Image_230.jpg,APPOLLO
Image_231.jpg,CLEOPATRA
Image_232.jpg,PURPLISH COPPER
Image_233.jpg,BANDED ORANGE HELICONIAN
Image_234.jpg,GOLD BANDED
Image_235.jpg,BLUE MORPHO
Image_236.jpg,SCARCE SWALLOW
Image_237.jpg,AMERICAN SNOOT
Image_238.jpg,EASTERN DAPPLE WHITE
Image_239.jpg,MOURNING CLOAK
Image_240.jpg,GOLD BANDED
Image_241.jpg,PAPER KITE
Image_242.jpg,ULYSES
Image_243.jpg,RED POSTMAN
Image_244.jpg,PAINTED LADY
Image_245.jpg,BLUE MORPHO
Image_246.jpg,EASTERN COMA
Image_247.jpg,COMMON WOOD-NYMPH
Image_248.jpg,LARGE MARBLE
Image_249.jpg,DANAID EGGFLY
Image_250.jpg,CABBAGE WHITE
Image_251.jpg,CAIRNS BIRDWING
Image_252.jpg,GREEN CELLED CATTLEHEART
Image_253.jpg,TWO BARRED FLASHER
Image_254.jpg,GREAT EGGFLY
Image_255.jpg,PURPLE HAIRSTREAK
Image_256.jpg,CLEOPATRA
Image_257.jpg,PAPER KITE
Image_258.jpg,RED POSTMAN
Image_259.jpg,PAPER KITE
Image_260.jpg,COPPER TAIL
Image_261.jpg,PEACOCK
Image_262.jpg,JULIA
Image_263.jpg,COMMON BANDED AWL
Image_264.jpg,STRAITED QUEEN
Image_265.jpg,PIPEVINE SWALLOW
Image_266.jpg,IPHICLUS SISTER
Image_267.jpg,APPOLLO
Image_268.jpg,ZEBRA LONG WING
Image_269.jpg,BLUE MORPHO
Image_270.jpg,RED CRACKER
Image_271.jpg,BLACK HAIRSTREAK
Image_272.jpg,RED ADMIRAL
Image_273.jpg,WOOD SATYR
Image_274.jpg,ULYSES
Image_275.jpg,EASTERN COMA
Image_276.jpg,SLEEPY ORANGE
Image_277.jpg,BLACK HAIRSTREAK
Image_278.jpg,TWO BARRED FLASHER
Image_279.jpg,EASTERN PINE ELFIN
Image_280.jpg,ORANGE OAKLEAF
Image_281.jpg,GREAT EGGFLY
Image_282.jpg,METALMARK
Image_283.jpg,AN 88
Image_284.jpg,PAPER KITE
Image_285.jpg,BLUE MORPHO
Image_286.jpg,SOUTHERN DOGFACE
Image_287.jpg,BLUE MORPHO
Image_288.jpg,LARGE MARBLE
Image_289.jpg,CRECENT
Image_290.jpg,BLACK HAIRSTREAK
Image_291.jpg,COPPER TAIL
Image_292.jpg,ZEBRA LONG WING
Image_293.jpg,COMMON WOOD-NYMPH
Image_294.jpg,GREAT EGGFLY
Image_295.jpg,EASTERN DAPPLE WHITE
Image_296.jpg,CLEOPATRA
Image_297.jpg,SILVER SPOT SKIPPER
Image_298.jpg,STRAITED QUEEN
Image_299.jpg,LARGE MARBLE
Image_300.jpg,BLACK HAIRSTREAK
Image_301.jpg,PAPER KITE
Image_302.jpg,WOOD SATYR
Image_303.jpg,MILBERTS TORTOISESHELL
Image_304.jpg,DANAID EGGFLY
Image_305.jpg,ORANGE OAKLEAF
Image_306.jpg,RED SPOTTED PURPLE
Image_307.jpg,POPINJAY
Image_308.jpg,METALMARK
Image_309.jpg,EASTERN DAPPLE WHITE
Image_310.jpg,MANGROVE SKIPPER
Image_311.jpg,RED CRACKER
Image_312.jpg,MALACHITE
Image_313.jpg,BLACK HAIRSTREAK
Image_314.jpg,EASTERN COMA
Image_315.jpg,CHESTNUT
Image_316.jpg,EASTERN PINE ELFIN
Image_317.jpg,GREAT JAY
Image_318.jpg,IPHICLUS SISTER
Image_319.jpg,CLEOPATRA
Image_320.jpg,ZEBRA LONG WING
Image_321.jpg,MILBERTS TORTOISESHELL
Image_322.jpg,SILVER SPOT SKIPPER
Image_323.jpg,MALACHITE
Image_324.jpg,IPHICLUS SISTER
Image_325.jpg,STRAITED QUEEN
Image_326.jpg,RED POSTMAN
Image_327.jpg,METALMARK
Image_328.jpg,GREAT EGGFLY
Image_329.jpg,IPHICLUS SISTER
Image_330.jpg,ORANGE OAKLEAF
Image_331.jpg,BLUE SPOTTED CROW
Image_332.jpg,QUESTION MARK
Image_333.jpg,CHECQUERED SKIPPER
Image_334.jpg,EASTERN PINE ELFIN
Image_335.jpg,RED CRACKER
Image_336.jpg,PEACOCK
Image_337.jpg,ORCHARD SWALLOW
Image_338.jpg,PURPLISH COPPER
Image_339.jpg,CHECQUERED SKIPPER
Image_340.jpg,MOURNING CLOAK
Image_341.jpg,MOURNING CLOAK
Image_342.jpg,VICEROY
Image_343.jpg,SOUTHERN DOGFACE
Image_344.jpg,STRAITED QUEEN
Image_345.jpg,PINE WHITE
Image_346.jpg,IPHICLUS SISTER
Image_347.jpg,SILVER SPOT SKIPPER
Image_348.jpg,EASTERN COMA
Image_349.jpg,CHECQUERED SKIPPER
Image_350.jpg,BLUE MORPHO
Image_351.jpg,RED CRACKER
Image_352.jpg,CHECQUERED SKIPPER
Image_353.jpg,COMMON WOOD-NYMPH
Image_354.jpg,PEACOCK
Image_355.jpg,COPPER TAIL
Image_356.jpg,VICEROY
Image_357.jpg,WOOD SATYR
Image_358.jpg,EASTERN DAPPLE WHITE
Image_359.jpg,MOURNING CLOAK
Image_360.jpg,ULYSES
Image_361.jpg,AMERICAN SNOOT
Image_362.jpg,TROPICAL LEAFWING
Image_363.jpg,CAIRNS BIRDWING
Image_364.jpg,COMMON WOOD-NYMPH
Image_365.jpg,YELLOW SWALLOW TAIL
Image_366.jpg,GOLD BANDED
Image_367.jpg,TROPICAL LEAFWING
Image_368.jpg,JULIA
Image_369.jpg,TROPICAL LEAFWING
Image_370.jpg,MILBERTS TORTOISESHELL
Image_371.jpg,SOUTHERN DOGFACE
Image_372.jpg,BLACK HAIRSTREAK
Image_373.jpg,ORCHARD SWALLOW
Image_374.jpg,AMERICAN SNOOT
Image_375.jpg,EASTERN PINE ELFIN
Image_376.jpg,SCARCE SWALLOW
Image_377.jpg,PEACOCK
Image_378.jpg,PEACOCK
Image_379.jpg,EASTERN PINE ELFIN
Image_380.jpg,CHESTNUT
Image_381.jpg,ATALA
Image_382.jpg,MOURNING CLOAK
Image_383.jpg,GREAT EGGFLY
Image_384.jpg,SCARCE SWALLOW
Image_385.jpg,CLEOPATRA
Image_386.jpg,APPOLLO
Image_387.jpg,CHECQUERED SKIPPER
Image_388.jpg,SOUTHERN DOGFACE
Image_389.jpg,POPINJAY
Image_390.jpg,JULIA
Image_391.jpg,RED POSTMAN
Image_392.jpg,ULYSES
Image_393.jpg,STRAITED QUEEN
Image_394.jpg,GOLD BANDED
Image_395.jpg,MESTRA
Image_396.jpg,POPINJAY
Image_397.jpg,BROWN SIPROETA
Image_398.jpg,GOLD BANDED
Image_399.jpg,INDRA SWALLOW
Image_400.jpg,ATALA
Image_401.jpg,ZEBRA LONG WING
Image_402.jpg,CRIMSON PATCH
Image_403.jpg,ORANGE OAKLEAF
Image_404.jpg,MOURNING CLOAK
Image_405.jpg,ORCHARD SWALLOW
Image_406.jpg,PURPLISH COPPER
Image_407.jpg,RED ADMIRAL
Image_408.jpg,MONARCH
Image_409.jpg,ORCHARD SWALLOW
Image_410.jpg,STRAITED QUEEN
Image_411.jpg,PURPLE HAIRSTREAK
Image_412.jpg,SOUTHERN DOGFACE
Image_413.jpg,COPPER TAIL
Image_414.jpg,GREAT JAY
Image_415.jpg,BLUE MORPHO
Image_416.jpg,BECKERS WHITE
Image_417.jpg,CRECENT
Image_418.jpg,COPPER TAIL
Image_419.jpg,ORANGE OAKLEAF
Image_420.jpg,PINE WHITE
Image_421.jpg,SOOTYWING
Image_422.jpg,PURPLISH COPPER
Image_423.jpg,SOUTHERN DOGFACE
Image_424.jpg,GREAT EGGFLY
Image_425.jpg,PEACOCK
Image_426.jpg,BLUE MORPHO
Image_427.jpg,CRIMSON PATCH
Image_428.jpg,BROWN SIPROETA
Image_429.jpg,AMERICAN SNOOT
Image_430.jpg,GOLD BANDED
Image_431.jpg,POPINJAY
Image_432.jpg,BANDED PEACOCK
Image_433.jpg,GREEN CELLED CATTLEHEART
Image_434.jpg,BROWN SIPROETA
Image_435.jpg,MANGROVE SKIPPER
Image_436.jpg,SLEEPY ORANGE
Image_437.jpg,SILVER SPOT SKIPPER
Image_438.jpg,COPPER TAIL
Image_439.jpg,ADONIS
Image_440.jpg,MILBERTS TORTOISESHELL
Image_441.jpg,MOURNING CLOAK
Image_442.jpg,ULYSES
Image_443.jpg,PIPEVINE SWALLOW
Image_444.jpg,AN 88
Image_445.jpg,GREEN CELLED CATTLEHEART
Image_446.jpg,PAPER KITE
Image_447.jpg,EASTERN PINE ELFIN
Image_448.jpg,COPPER TAIL
Image_449.jpg,EASTERN COMA
Image_450.jpg,STRAITED QUEEN
Image_451.jpg,CLEOPATRA
Image_452.jpg,PIPEVINE SWALLOW
Image_453.jpg,VICEROY
Image_454.jpg,MALACHITE
Image_455.jpg,SOUTHERN DOGFACE
Image_456.jpg,MOURNING CLOAK
Image_457.jpg,RED ADMIRAL
Image_458.jpg,EASTERN COMA
Image_459.jpg,METALMARK
Image_460.jpg,ATALA
Image_461.jpg,BECKERS WHITE
Image_462.jpg,COMMON BANDED AWL
Image_463.jpg,ORCHARD SWALLOW
Image_464.jpg,COMMON WOOD-NYMPH
Image_465.jpg,WOOD SATYR
Image_466.jpg,BLACK HAIRSTREAK
Image_467.jpg,MONARCH
Image_468.jpg,RED ADMIRAL
Image_469.jpg,CLEOPATRA
Image_470.jpg,LARGE MARBLE
Image_471.jpg,COMMON BANDED AWL
Image_472.jpg,IPHICLUS SISTER
Image_473.jpg,PAPER KITE
Image_474.jpg,ZEBRA LONG WING
Image_475.jpg,PINE WHITE
Image_476.jpg,PIPEVINE SWALLOW
Image_477.jpg,GOLD BANDED
Image_478.jpg,COMMON WOOD-NYMPH
Image_479.jpg,GREAT EGGFLY
Image_480.jpg,INDRA SWALLOW
Image_481.jpg,ULYSES
Image_482.jpg,VICEROY
Image_483.jpg,CHESTNUT
Image_484.jpg,RED CRACKER
Image_485.jpg,GREAT JAY
Image_486.jpg,TWO BARRED FLASHER
Image_487.jpg,ULYSES
Image_488.jpg,AMERICAN SNOOT
Image_489.jpg,GREEN CELLED CATTLEHEART
Image_490.jpg,DANAID EGGFLY
Image_491.jpg,GREAT JAY
Image_492.jpg,ORCHARD SWALLOW
Image_493.jpg,MANGROVE SKIPPER
Image_494.jpg,SCARCE SWALLOW
Image_495.jpg,CLODIUS PARNASSIAN
Image_496.jpg,MILBERTS TORTOISESHELL
Image_497.jpg,PINE WHITE
Image_498.jpg,CHECQUERED SKIPPER
Image_499.jpg,ATALA
Image_500.jpg,MONARCH
Image_501.jpg,RED POSTMAN
Image_502.jpg,ULYSES
Image_503.jpg,ULYSES
Image_504.jpg,DANAID EGGFLY
Image_505.jpg,PIPEVINE SWALLOW
Image_506.jpg,IPHICLUS SISTER
Image_507.jpg,PIPEVINE SWALLOW
Image_508.jpg,SLEEPY ORANGE
Image_509.jpg,AFRICAN GIANT SWALLOWTAIL
Image_510.jpg,SLEEPY ORANGE
Image_511.jpg,APPOLLO
Image_512.jpg,VICEROY
Image_513.jpg,PURPLISH COPPER
Image_514.jpg,ELBOWED PIERROT
Image_515.jpg,GREAT JAY
Image_516.jpg,JULIA
Image_517.jpg,MESTRA
Image_518.jpg,MOURNING CLOAK
Image_519.jpg,RED POSTMAN
Image_520.jpg,BROWN SIPROETA
Image_521.jpg,IPHICLUS SISTER
Image_522.jpg,METALMARK
Image_523.jpg,GREAT JAY
Image_524.jpg,BROWN SIPROETA
Image_525.jpg,PAINTED LADY
Image_526.jpg,POPINJAY
Image_527.jpg,PAINTED LADY
Image_528.jpg,WOOD SATYR
Image_529.jpg,SCARCE SWALLOW
Image_530.jpg,SLEEPY ORANGE
Image_531.jpg,APPOLLO
Image_532.jpg,COPPER TAIL
Image_533.jpg,BANDED ORANGE HELICONIAN
Image_534.jpg,ATALA
Image_535.jpg,CHECQUERED SKIPPER
Image_536.jpg,INDRA SWALLOW
Image_537.jpg,ATALA
Image_538.jpg,CRIMSON PATCH
Image_539.jpg,MOURNING CLOAK
Image_540.jpg,ELBOWED PIERROT
Image_541.jpg,PEACOCK
Image_542.jpg,GREY HAIRSTREAK
Image_543.jpg,CHECQUERED SKIPPER
Image_544.jpg,RED POSTMAN
Image_545.jpg,MESTRA
Image_546.jpg,CLEOPATRA
Image_547.jpg,EASTERN COMA
Image_548.jpg,BLUE MORPHO
Image_549.jpg,STRAITED QUEEN
Image_550.jpg,BROWN SIPROETA
Image_551.jpg,SLEEPY ORANGE
Image_552.jpg,MILBERTS TORTOISESHELL
Image_553.jpg,BECKERS WHITE
Image_554.jpg,AFRICAN GIANT SWALLOWTAIL
Image_555.jpg,ADONIS
Image_556.jpg,VICEROY
Image_557.jpg,PINE WHITE
Image_558.jpg,JULIA
Image_559.jpg,PURPLE HAIRSTREAK
Image_560.jpg,BROWN SIPROETA
Image_561.jpg,QUESTION MARK
Image_562.jpg,APPOLLO
Image_563.jpg,INDRA SWALLOW
Image_564.jpg,BANDED PEACOCK
Image_565.jpg,PINE WHITE
Image_566.jpg,PEACOCK
Image_567.jpg,CAIRNS BIRDWING
Image_568.jpg,GREAT EGGFLY
Image_569.jpg,BROWN SIPROETA
Image_570.jpg,PINE WHITE
Image_571.jpg,ZEBRA LONG WING
Image_572.jpg,POPINJAY
Image_573.jpg,SOUTHERN DOGFACE
Image_574.jpg,SLEEPY ORANGE
Image_575.jpg,BANDED PEACOCK
Image_576.jpg,AN 88
Image_577.jpg,CLODIUS PARNASSIAN
Image_578.jpg,PINE WHITE
Image_579.jpg,ORCHARD SWALLOW
Image_580.jpg,EASTERN PINE ELFIN
Image_581.jpg,ULYSES
Image_582.jpg,BROWN SIPROETA
Image_583.jpg,TROPICAL LEAFWING
Image_584.jpg,GOLD BANDED
Image_585.jpg,PURPLE HAIRSTREAK
Image_586.jpg,JULIA
Image_587.jpg,MALACHITE
Image_588.jpg,BLUE MORPHO
Image_589.jpg,GOLD BANDED
Image_590.jpg,CABBAGE WHITE
Image_591.jpg,QUESTION MARK
Image_592.jpg,EASTERN COMA
Image_593.jpg,PAPER KITE
Image_594.jpg,SILVER SPOT SKIPPER
Image_595.jpg,PIPEVINE SWALLOW
Image_596.jpg,PINE WHITE
Image_597.jpg,SCARCE SWALLOW
Image_598.jpg,COPPER TAIL
Image_599.jpg,PURPLISH COPPER
Image_600.jpg,COMMON BANDED AWL
Image_601.jpg,GREAT EGGFLY
Image_602.jpg,METALMARK
Image_603.jpg,METALMARK
Image_604.jpg,MOURNING CLOAK
Image_605.jpg,BANDED PEACOCK
Image_606.jpg,MOURNING CLOAK
Image_607.jpg,PAPER KITE
Image_608.jpg,SOOTYWING
Image_609.jpg,SOUTHERN DOGFACE
Image_610.jpg,BANDED PEACOCK
Image_611.jpg,BECKERS WHITE
Image_612.jpg,GREY HAIRSTREAK
Image_613.jpg,SILVER SPOT SKIPPER
Image_614.jpg,SOUTHERN DOGFACE
Image_615.jpg,SCARCE SWALLOW
Image_616.jpg,MONARCH
Image_617.jpg,SILVER SPOT SKIPPER
Image_618.jpg,INDRA SWALLOW
Image_619.jpg,TROPICAL LEAFWING
Image_620.jpg,SOUTHERN DOGFACE
Image_621.jpg,COPPER TAIL
Image_622.jpg,COMMON BANDED AWL
Image_623.jpg,WOOD SATYR
Image_624.jpg,ORANGE TIP
Image_625.jpg,RED SPOTTED PURPLE
Image_626.jpg,SOUTHERN DOGFACE
Image_627.jpg,EASTERN COMA
Image_628.jpg,SOUTHERN DOGFACE
Image_629.jpg,SCARCE SWALLOW
Image_630.jpg,EASTERN DAPPLE WHITE
Image_631.jpg,RED CRACKER
Image_632.jpg,SCARCE SWALLOW
Image_633.jpg,AMERICAN SNOOT
Image_634.jpg,SCARCE SWALLOW
Image_635.jpg,INDRA SWALLOW
Image_636.jpg,SCARCE SWALLOW
Image_637.jpg,MILBERTS TORTOISESHELL
Image_638.jpg,LARGE MARBLE
Image_639.jpg,ORANGE TIP
Image_640.jpg,CRIMSON PATCH
Image_641.jpg,TROPICAL LEAFWING
Image_642.jpg,POPINJAY
Image_643.jpg,GOLD BANDED
Image_644.jpg,PIPEVINE SWALLOW
Image_645.jpg,MILBERTS TORTOISESHELL
Image_646.jpg,METALMARK
Image_647.jpg,GOLD BANDED
Image_648.jpg,COPPER TAIL
Image_649.jpg,CRECENT
Image_650.jpg,BLUE SPOTTED CROW
Image_651.jpg,BROWN SIPROETA
Image_652.jpg,MILBERTS TORTOISESHELL
Image_653.jpg,PEACOCK
Image_654.jpg,GREAT EGGFLY
Image_655.jpg,BROWN SIPROETA
Image_656.jpg,AMERICAN SNOOT
Image_657.jpg,ORANGE OAKLEAF
Image_658.jpg,CLEOPATRA
Image_659.jpg,APPOLLO
Image_660.jpg,VICEROY
Image_661.jpg,PAPER KITE
Image_662.jpg,MILBERTS TORTOISESHELL
Image_663.jpg,CAIRNS BIRDWING
Image_664.jpg,MANGROVE SKIPPER
Image_665.jpg,GOLD BANDED
Image_666.jpg,MANGROVE SKIPPER
Image_667.jpg,CHESTNUT
Image_668.jpg,PAINTED LADY
Image_669.jpg,TROPICAL LEAFWING
Image_670.jpg,COMMON WOOD-NYMPH
Image_671.jpg,SLEEPY ORANGE
Image_672.jpg,CHECQUERED SKIPPER
Image_673.jpg,PURPLISH COPPER
Image_674.jpg,CHESTNUT
Image_675.jpg,APPOLLO
Image_676.jpg,COMMON BANDED AWL
Image_677.jpg,PIPEVINE SWALLOW
Image_678.jpg,BLUE MORPHO
Image_679.jpg,RED ADMIRAL
Image_680.jpg,MOURNING CLOAK
Image_681.jpg,SOOTYWING
Image_682.jpg,AMERICAN SNOOT
Image_683.jpg,YELLOW SWALLOW TAIL
Image_684.jpg,TROPICAL LEAFWING
Image_685.jpg,CLODIUS PARNASSIAN
Image_686.jpg,PAINTED LADY
Image_687.jpg,SOOTYWING
Image_688.jpg,APPOLLO
Image_689.jpg,CAIRNS BIRDWING
Image_690.jpg,AN 88
Image_691.jpg,SCARCE SWALLOW
Image_692.jpg,SILVER SPOT SKIPPER
Image_693.jpg,PAINTED LADY
Image_694.jpg,EASTERN COMA
Image_695.jpg,AMERICAN SNOOT
Image_696.jpg,TROPICAL LEAFWING
Image_697.jpg,GREAT EGGFLY
Image_698.jpg,GREY HAIRSTREAK
Image_699.jpg,LARGE MARBLE
Image_700.jpg,PURPLISH COPPER
Image_701.jpg,YELLOW SWALLOW TAIL
Image_702.jpg,BLUE SPOTTED CROW
Image_703.jpg,MOURNING CLOAK
Image_704.jpg,COMMON WOOD-NYMPH
Image_705.jpg,BLUE MORPHO
Image_706.jpg,CRECENT
Image_707.jpg,MESTRA
Image_708.jpg,COMMON WOOD-NYMPH
Image_709.jpg,ADONIS
Image_710.jpg,METALMARK
Image_711.jpg,POPINJAY
Image_712.jpg,APPOLLO
Image_713.jpg,RED SPOTTED PURPLE
Image_714.jpg,SOUTHERN DOGFACE
Image_715.jpg,CLEOPATRA
Image_716.jpg,SILVER SPOT SKIPPER
Image_717.jpg,PAPER KITE
Image_718.jpg,CRIMSON PATCH
Image_719.jpg,BANDED ORANGE HELICONIAN
Image_720.jpg,ULYSES
Image_721.jpg,SOUTHERN DOGFACE
Image_722.jpg,GREAT EGGFLY
Image_723.jpg,GREAT JAY
Image_724.jpg,SOUTHERN DOGFACE
Image_725.jpg,VICEROY
Image_726.jpg,CAIRNS BIRDWING
Image_727.jpg,VICEROY
Image_728.jpg,GOLD BANDED
Image_729.jpg,SILVER SPOT SKIPPER
Image_730.jpg,SCARCE SWALLOW
Image_731.jpg,PINE WHITE
Image_732.jpg,BECKERS WHITE
Image_733.jpg,CABBAGE WHITE
Image_734.jpg,EASTERN COMA
Image_735.jpg,CHESTNUT
Image_736.jpg,MALACHITE
Image_737.jpg,MILBERTS TORTOISESHELL
Image_738.jpg,GREY HAIRSTREAK
Image_739.jpg,TWO BARRED FLASHER
Image_740.jpg,ORANGE TIP
Image_741.jpg,JULIA
Image_742.jpg,BLUE SPOTTED CROW
Image_743.jpg,BANDED ORANGE HELICONIAN
Image_744.jpg,EASTERN DAPPLE WHITE
Image_745.jpg,SOUTHERN DOGFACE
Image_746.jpg,PIPEVINE SWALLOW
Image_747.jpg,SOUTHERN DOGFACE
Image_748.jpg,ADONIS
Image_749.jpg,APPOLLO
Image_750.jpg,MANGROVE SKIPPER
Image_751.jpg,COPPER TAIL
Image_752.jpg,PINE WHITE
Image_753.jpg,PIPEVINE SWALLOW
Image_754.jpg,TROPICAL LEAFWING
Image_755.jpg,RED SPOTTED PURPLE
Image_756.jpg,WOOD SATYR
Image_757.jpg,IPHICLUS SISTER
Image_758.jpg,SOUTHERN DOGFACE
Image_759.jpg,SOUTHERN DOGFACE
Image_760.jpg,TROPICAL LEAFWING
Image_761.jpg,PURPLE HAIRSTREAK
Image_762.jpg,SOUTHERN DOGFACE
Image_763.jpg,INDRA SWALLOW
Image_764.jpg,APPOLLO
Image_765.jpg,CHESTNUT
Image_766.jpg,CRECENT
Image_767.jpg,POPINJAY
Image_768.jpg,PIPEVINE SWALLOW
Image_769.jpg,INDRA SWALLOW
Image_770.jpg,CRIMSON PATCH
Image_771.jpg,TWO BARRED FLASHER
Image_772.jpg,CRIMSON PATCH
Image_773.jpg,CHESTNUT
Image_774.jpg,SCARCE SWALLOW
Image_775.jpg,EASTERN DAPPLE WHITE
Image_776.jpg,TROPICAL LEAFWING
Image_777.jpg,CABBAGE WHITE
Image_778.jpg,MILBERTS TORTOISESHELL
Image_779.jpg,EASTERN DAPPLE WHITE
Image_780.jpg,RED CRACKER
Image_781.jpg,JULIA
Image_782.jpg,MALACHITE
Image_783.jpg,INDRA SWALLOW
Image_784.jpg,BANDED ORANGE HELICONIAN
Image_785.jpg,MILBERTS TORTOISESHELL
Image_786.jpg,TROPICAL LEAFWING
Image_787.jpg,CLEOPATRA
Image_788.jpg,EASTERN PINE ELFIN
Image_789.jpg,BANDED PEACOCK
Image_790.jpg,BROWN SIPROETA
Image_791.jpg,BROWN SIPROETA
Image_792.jpg,EASTERN PINE ELFIN
Image_793.jpg,PAINTED LADY
Image_794.jpg,MOURNING CLOAK
Image_795.jpg,GREAT EGGFLY
Image_796.jpg,SILVER SPOT SKIPPER
Image_797.jpg,RED ADMIRAL
Image_798.jpg,MALACHITE
Image_799.jpg,CRECENT
Image_800.jpg,GREAT JAY
Image_801.jpg,EASTERN COMA
Image_802.jpg,CHESTNUT
Image_803.jpg,PAINTED LADY
Image_804.jpg,INDRA SWALLOW
Image_805.jpg,IPHICLUS SISTER
Image_806.jpg,PEACOCK
Image_807.jpg,PINE WHITE
Image_808.jpg,WOOD SATYR
Image_809.jpg,BLUE SPOTTED CROW
Image_810.jpg,GREAT EGGFLY
Image_811.jpg,GREAT EGGFLY
Image_812.jpg,GREY HAIRSTREAK
Image_813.jpg,BROWN SIPROETA
Image_814.jpg,COMMON WOOD-NYMPH
Image_815.jpg,EASTERN DAPPLE WHITE
Image_816.jpg,RED SPOTTED PURPLE
Image_817.jpg,PURPLISH COPPER
Image_818.jpg,MILBERTS TORTOISESHELL
Image_819.jpg,MESTRA
Image_820.jpg,WOOD SATYR
Image_821.jpg,PURPLISH COPPER
Image_822.jpg,RED ADMIRAL
Image_823.jpg,ZEBRA LONG WING
Image_824.jpg,QUESTION MARK
Image_825.jpg,RED SPOTTED PURPLE
Image_826.jpg,INDRA SWALLOW
Image_827.jpg,METALMARK
Image_828.jpg,ULYSES
Image_829.jpg,PAPER KITE
Image_830.jpg,MOURNING CLOAK
Image_831.jpg,COPPER TAIL
Image_832.jpg,CABBAGE WHITE
Image_833.jpg,SOUTHERN DOGFACE
Image_834.jpg,MANGROVE SKIPPER
Image_835.jpg,CHESTNUT
Image_836.jpg,PAINTED LADY
Image_837.jpg,TWO BARRED FLASHER
Image_838.jpg,INDRA SWALLOW
Image_839.jpg,JULIA
Image_840.jpg,COPPER TAIL
Image_841.jpg,BANDED ORANGE HELICONIAN
Image_842.jpg,BLUE SPOTTED CROW
Image_843.jpg,ADONIS
Image_844.jpg,GREAT EGGFLY
Image_845.jpg,ORANGE OAKLEAF
Image_846.jpg,GREAT EGGFLY
Image_847.jpg,VICEROY
Image_848.jpg,PAINTED LADY
Image_849.jpg,ORANGE OAKLEAF
Image_850.jpg,CRECENT
Image_851.jpg,COPPER TAIL
Image_852.jpg,SILVER SPOT SKIPPER
Image_853.jpg,ORANGE TIP
Image_854.jpg,ORANGE TIP
Image_855.jpg,CLOUDED SULPHUR
Image_856.jpg,PURPLE HAIRSTREAK
Image_857.jpg,RED POSTMAN
Image_858.jpg,METALMARK
Image_859.jpg,BROWN SIPROETA
Image_860.jpg,ELBOWED PIERROT
Image_861.jpg,GREAT JAY
Image_862.jpg,CHESTNUT
Image_863.jpg,MANGROVE SKIPPER
Image_864.jpg,GREAT EGGFLY
Image_865.jpg,MESTRA
Image_866.jpg,ORANGE TIP
Image_867.jpg,ORANGE OAKLEAF
Image_868.jpg,MOURNING CLOAK
Image_869.jpg,LARGE MARBLE
Image_870.jpg,WOOD SATYR
Image_871.jpg,RED POSTMAN
Image_872.jpg,MALACHITE
Image_873.jpg,BANDED ORANGE HELICONIAN
Image_874.jpg,ORCHARD SWALLOW
Image_875.jpg,RED ADMIRAL
Image_876.jpg,AMERICAN SNOOT
Image_877.jpg,COMMON WOOD-NYMPH
Image_878.jpg,MOURNING CLOAK
Image_879.jpg,RED CRACKER
Image_880.jpg,ULYSES
Image_881.jpg,BROWN SIPROETA
Image_882.jpg,YELLOW SWALLOW TAIL
Image_883.jpg,ORANGE TIP
Image_884.jpg,GREEN CELLED CATTLEHEART
Image_885.jpg,INDRA SWALLOW
Image_886.jpg,BANDED PEACOCK
Image_887.jpg,COMMON WOOD-NYMPH
Image_888.jpg,ORANGE OAKLEAF
Image_889.jpg,PINE WHITE
Image_890.jpg,DANAID EGGFLY
Image_891.jpg,EASTERN DAPPLE WHITE
Image_892.jpg,GREEN CELLED CATTLEHEART
Image_893.jpg,YELLOW SWALLOW TAIL
Image_894.jpg,SOUTHERN DOGFACE
Image_895.jpg,CRIMSON PATCH
Image_896.jpg,COPPER TAIL
Image_897.jpg,POPINJAY
Image_898.jpg,COPPER TAIL
Image_899.jpg,PURPLISH COPPER
Image_900.jpg,PIPEVINE SWALLOW
Image_901.jpg,MESTRA
Image_902.jpg,VICEROY
Image_903.jpg,BANDED PEACOCK
Image_904.jpg,ORANGE TIP
Image_905.jpg,BROWN SIPROETA
Image_906.jpg,EASTERN DAPPLE WHITE
Image_907.jpg,CLEOPATRA
Image_908.jpg,MANGROVE SKIPPER
Image_909.jpg,MANGROVE SKIPPER
Image_910.jpg,GOLD BANDED
Image_911.jpg,ATALA
Image_912.jpg,METALMARK
Image_913.jpg,RED CRACKER
Image_914.jpg,YELLOW SWALLOW TAIL
Image_915.jpg,RED CRACKER
Image_916.jpg,ATALA
Image_917.jpg,MOURNING CLOAK
Image_918.jpg,CAIRNS BIRDWING
Image_919.jpg,BANDED ORANGE HELICONIAN
Image_920.jpg,AN 88
Image_921.jpg,VICEROY
Image_922.jpg,PIPEVINE SWALLOW
Image_923.jpg,COMMON WOOD-NYMPH
Image_924.jpg,JULIA
Image_925.jpg,PURPLISH COPPER
Image_926.jpg,ULYSES
Image_927.jpg,CHESTNUT
Image_928.jpg,PIPEVINE SWALLOW
Image_929.jpg,SILVER SPOT SKIPPER
Image_930.jpg,COMMON BANDED AWL
Image_931.jpg,MALACHITE
Image_932.jpg,PEACOCK
Image_933.jpg,SCARCE SWALLOW
Image_934.jpg,MALACHITE
Image_935.jpg,ORANGE OAKLEAF
Image_936.jpg,MALACHITE
Image_937.jpg,EASTERN COMA
Image_938.jpg,GOLD BANDED
Image_939.jpg,MALACHITE
Image_940.jpg,CABBAGE WHITE
Image_941.jpg,MILBERTS TORTOISESHELL
Image_942.jpg,DANAID EGGFLY
Image_943.jpg,EASTERN COMA
Image_944.jpg,RED ADMIRAL
Image_945.jpg,EASTERN PINE ELFIN
Image_946.jpg,RED CRACKER
Image_947.jpg,GOLD BANDED
Image_948.jpg,ATALA
Image_949.jpg,GREEN CELLED CATTLEHEART
Image_950.jpg,EASTERN DAPPLE WHITE
Image_951.jpg,CABBAGE WHITE
Image_952.jpg,CHECQUERED SKIPPER
Image_953.jpg,EASTERN COMA
Image_954.jpg,ORANGE OAKLEAF
Image_955.jpg,CHECQUERED SKIPPER
Image_956.jpg,ADONIS
Image_957.jpg,COMMON WOOD-NYMPH
Image_958.jpg,PIPEVINE SWALLOW
Image_959.jpg,GREAT JAY
Image_960.jpg,PINE WHITE
Image_961.jpg,CHECQUERED SKIPPER
Image_962.jpg,VICEROY
Image_963.jpg,TWO BARRED FLASHER
Image_964.jpg,GREAT EGGFLY
Image_965.jpg,PAINTED LADY
Image_966.jpg,MILBERTS TORTOISESHELL
Image_967.jpg,APPOLLO
Image_968.jpg,CAIRNS BIRDWING
Image_969.jpg,SLEEPY ORANGE
Image_970.jpg,COMMON WOOD-NYMPH
Image_971.jpg,CRIMSON PATCH
Image_972.jpg,ORCHARD SWALLOW
Image_973.jpg,MESTRA
Image_974.jpg,MALACHITE
Image_975.jpg,PURPLISH COPPER
Image_976.jpg,RED CRACKER
Image_977.jpg,JULIA
Image_978.jpg,ORCHARD SWALLOW
Image_979.jpg,CABBAGE WHITE
Image_980.jpg,PAINTED LADY
Image_981.jpg,INDRA SWALLOW
Image_982.jpg,BANDED PEACOCK
Image_983.jpg,ORANGE TIP
Image_984.jpg,MOURNING CLOAK
Image_985.jpg,SCARCE SWALLOW
Image_986.jpg,TROPICAL LEAFWING
Image_987.jpg,DANAID EGGFLY
Image_988.jpg,AMERICAN SNOOT
Image_989.jpg,MOURNING CLOAK
Image_990.jpg,IPHICLUS SISTER
Image_991.jpg,APPOLLO
Image_992.jpg,GREY HAIRSTREAK
Image_993.jpg,QUESTION MARK
Image_994.jpg,RED CRACKER
Image_995.jpg,AN 88
Image_996.jpg,GREEN CELLED CATTLEHEART
Image_997.jpg,RED ADMIRAL
Image_998.jpg,TWO BARRED FLASHER
Image_999.jpg,SOUTHERN DOGFACE
Image_1000.jpg,CHESTNUT
Image_1001.jpg,STRAITED QUEEN
Image_1002.jpg,GOLD BANDED
Image_1003.jpg,MESTRA
Image_1004.jpg,YELLOW SWALLOW TAIL
Image_1005.jpg,SLEEPY ORANGE
Image_1006.jpg,CRECENT
Image_1007.jpg,PAINTED LADY
Image_1008.jpg,SOUTHERN DOGFACE
Image_1009.jpg,RED SPOTTED PURPLE
Image_1010.jpg,ORANGE OAKLEAF
Image_1011.jpg,MANGROVE SKIPPER
Image_1012.jpg,ELBOWED PIERROT
Image_1013.jpg,INDRA SWALLOW
Image_1014.jpg,BLUE MORPHO
Image_1015.jpg,BANDED ORANGE HELICONIAN
Image_1016.jpg,MESTRA
Image_1017.jpg,GOLD BANDED
Image_1018.jpg,BLACK HAIRSTREAK
Image_1019.jpg,TWO BARRED FLASHER
Image_1020.jpg,BECKERS WHITE
Image_1021.jpg,ELBOWED PIERROT
Image_1022.jpg,CLODIUS PARNASSIAN
Image_1023.jpg,GOLD BANDED
Image_1024.jpg,BROWN SIPROETA
Image_1025.jpg,COPPER TAIL
Image_1026.jpg,AN 88
Image_1027.jpg,CRECENT
Image_1028.jpg,CRIMSON PATCH
Image_1029.jpg,SCARCE SWALLOW
Image_1030.jpg,GREY HAIRSTREAK
Image_1031.jpg,GREAT EGGFLY
Image_1032.jpg,METALMARK
Image_1033.jpg,SOUTHERN DOGFACE
Image_1034.jpg,ULYSES
Image_1035.jpg,AMERICAN SNOOT
Image_1036.jpg,INDRA SWALLOW
Image_1037.jpg,EASTERN COMA
Image_1038.jpg,EASTERN COMA
Image_1039.jpg,BLACK HAIRSTREAK
Image_1040.jpg,COMMON WOOD-NYMPH
Image_1041.jpg,PAINTED LADY
Image_1042.jpg,MONARCH
Image_1043.jpg,ADONIS
Image_1044.jpg,ATALA
Image_1045.jpg,ZEBRA LONG WING
Image_1046.jpg,MANGROVE SKIPPER
Image_1047.jpg,AFRICAN GIANT SWALLOWTAIL
Image_1048.jpg,TWO BARRED FLASHER
Image_1049.jpg,TROPICAL LEAFWING
Image_1050.jpg,BLUE SPOTTED CROW
Image_1051.jpg,ORANGE OAKLEAF
Image_1052.jpg,AN 88
Image_1053.jpg,STRAITED QUEEN
Image_1054.jpg,COMMON WOOD-NYMPH
Image_1055.jpg,ADONIS
Image_1056.jpg,TROPICAL LEAFWING
Image_1057.jpg,CLEOPATRA
Image_1058.jpg,ZEBRA LONG WING
Image_1059.jpg,WOOD SATYR
Image_1060.jpg,PEACOCK
Image_1061.jpg,BANDED ORANGE HELICONIAN
Image_1062.jpg,BLACK HAIRSTREAK
Image_1063.jpg,CLEOPATRA
Image_1064.jpg,COMMON BANDED AWL
Image_1065.jpg,GREAT JAY
Image_1066.jpg,RED ADMIRAL
Image_1067.jpg,WOOD SATYR
Image_1068.jpg,PAPER KITE
Image_1069.jpg,AFRICAN GIANT SWALLOWTAIL
Image_1070.jpg,RED ADMIRAL
Image_1071.jpg,ADONIS
Image_1072.jpg,MILBERTS TORTOISESHELL
Image_1073.jpg,YELLOW SWALLOW TAIL
Image_1074.jpg,ORANGE OAKLEAF
Image_1075.jpg,SCARCE SWALLOW
Image_1076.jpg,METALMARK
Image_1077.jpg,ORCHARD SWALLOW
Image_1078.jpg,PURPLE HAIRSTREAK
Image_1079.jpg,BROWN SIPROETA
Image_1080.jpg,BANDED ORANGE HELICONIAN
Image_1081.jpg,TROPICAL LEAFWING
Image_1082.jpg,MONARCH
Image_1083.jpg,MOURNING CLOAK
Image_1084.jpg,BROWN SIPROETA
Image_1085.jpg,AFRICAN GIANT SWALLOWTAIL
Image_1086.jpg,WOOD SATYR
Image_1087.jpg,JULIA
Image_1088.jpg,TWO BARRED FLASHER
Image_1089.jpg,PEACOCK
Image_1090.jpg,CLOUDED SULPHUR
Image_1091.jpg,CLEOPATRA
Image_1092.jpg,MILBERTS TORTOISESHELL
Image_1093.jpg,SCARCE SWALLOW
Image_1094.jpg,MONARCH
Image_1095.jpg,PAINTED LADY
Image_1096.jpg,CRIMSON PATCH
Image_1097.jpg,ORANGE OAKLEAF
Image_1098.jpg,COMMON WOOD-NYMPH
Image_1099.jpg,CHESTNUT
Image_1100.jpg,ELBOWED PIERROT
Image_1101.jpg,GREAT EGGFLY
Image_1102.jpg,AN 88
Image_1103.jpg,ULYSES
Image_1104.jpg,MILBERTS TORTOISESHELL
Image_1105.jpg,LARGE MARBLE
Image_1106.jpg,MONARCH
Image_1107.jpg,EASTERN PINE ELFIN
Image_1108.jpg,IPHICLUS SISTER
Image_1109.jpg,BLACK HAIRSTREAK
Image_1110.jpg,ORANGE OAKLEAF
Image_1111.jpg,MANGROVE SKIPPER
Image_1112.jpg,JULIA
Image_1113.jpg,CHESTNUT
Image_1114.jpg,AN 88
Image_1115.jpg,SLEEPY ORANGE
Image_1116.jpg,BANDED ORANGE HELICONIAN
Image_1117.jpg,PIPEVINE SWALLOW
Image_1118.jpg,MOURNING CLOAK
Image_1119.jpg,CLEOPATRA
Image_1120.jpg,AN 88
Image_1121.jpg,SOUTHERN DOGFACE
Image_1122.jpg,ELBOWED PIERROT
Image_1123.jpg,RED POSTMAN
Image_1124.jpg,COMMON WOOD-NYMPH
Image_1125.jpg,CLEOPATRA
Image_1126.jpg,RED SPOTTED PURPLE
Image_1127.jpg,MOURNING CLOAK
Image_1128.jpg,VICEROY
Image_1129.jpg,MOURNING CLOAK
Image_1130.jpg,CLODIUS PARNASSIAN
Image_1131.jpg,GREAT EGGFLY
Image_1132.jpg,BLUE MORPHO
Image_1133.jpg,RED SPOTTED PURPLE
Image_1134.jpg,SCARCE SWALLOW
Image_1135.jpg,MOURNING CLOAK
Image_1136.jpg,BLUE MORPHO
Image_1137.jpg,POPINJAY
Image_1138.jpg,GREEN CELLED CATTLEHEART
Image_1139.jpg,AN 88
Image_1140.jpg,BLUE SPOTTED CROW
Image_1141.jpg,CLODIUS PARNASSIAN
Image_1142.jpg,CLEOPATRA
Image_1143.jpg,PURPLISH COPPER
Image_1144.jpg,TWO BARRED FLASHER
Image_1145.jpg,YELLOW SWALLOW TAIL
Image_1146.jpg,ORCHARD SWALLOW
Image_1147.jpg,JULIA
Image_1148.jpg,MANGROVE SKIPPER
Image_1149.jpg,GOLD BANDED
Image_1150.jpg,CLEOPATRA
Image_1151.jpg,VICEROY
Image_1152.jpg,GREAT EGGFLY
Image_1153.jpg,WOOD SATYR
Image_1154.jpg,INDRA SWALLOW
Image_1155.jpg,POPINJAY
Image_1156.jpg,ORCHARD SWALLOW
Image_1157.jpg,MILBERTS TORTOISESHELL
Image_1158.jpg,AFRICAN GIANT SWALLOWTAIL
Image_1159.jpg,CRECENT
Image_1160.jpg,CAIRNS BIRDWING
Image_1161.jpg,PAPER KITE
Image_1162.jpg,GREEN CELLED CATTLEHEART
Image_1163.jpg,BLACK HAIRSTREAK
Image_1164.jpg,CRIMSON PATCH
Image_1165.jpg,MILBERTS TORTOISESHELL
Image_1166.jpg,BANDED ORANGE HELICONIAN
Image_1167.jpg,BANDED ORANGE HELICONIAN
Image_1168.jpg,SCARCE SWALLOW
Image_1169.jpg,CRECENT
Image_1170.jpg,RED ADMIRAL
Image_1171.jpg,INDRA SWALLOW
Image_1172.jpg,TROPICAL LEAFWING
Image_1173.jpg,GOLD BANDED
Image_1174.jpg,ZEBRA LONG WING
Image_1175.jpg,COPPER TAIL
Image_1176.jpg,BANDED PEACOCK
Image_1177.jpg,ORANGE OAKLEAF
Image_1178.jpg,SOUTHERN DOGFACE
Image_1179.jpg,VICEROY
Image_1180.jpg,ELBOWED PIERROT
Image_1181.jpg,RED ADMIRAL
Image_1182.jpg,ORANGE TIP
Image_1183.jpg,RED SPOTTED PURPLE
Image_1184.jpg,YELLOW SWALLOW TAIL
Image_1185.jpg,AFRICAN GIANT SWALLOWTAIL
Image_1186.jpg,RED SPOTTED PURPLE
Image_1187.jpg,IPHICLUS SISTER
Image_1188.jpg,BLACK HAIRSTREAK
Image_1189.jpg,MOURNING CLOAK
Image_1190.jpg,SCARCE SWALLOW
Image_1191.jpg,STRAITED QUEEN
Image_1192.jpg,PURPLE HAIRSTREAK
Image_1193.jpg,AFRICAN GIANT SWALLOWTAIL
Image_1194.jpg,PURPLISH COPPER
Image_1195.jpg,COPPER TAIL
Image_1196.jpg,ORCHARD SWALLOW
Image_1197.jpg,INDRA SWALLOW
Image_1198.jpg,INDRA SWALLOW
Image_1199.jpg,RED CRACKER
Image_1200.jpg,MILBERTS TORTOISESHELL
Image_1201.jpg,RED SPOTTED PURPLE
Image_1202.jpg,RED CRACKER
Image_1203.jpg,MILBERTS TORTOISESHELL
Image_1204.jpg,COMMON WOOD-NYMPH
Image_1205.jpg,BROWN SIPROETA
Image_1206.jpg,JULIA
Image_1207.jpg,SCARCE SWALLOW
Image_1208.jpg,CRECENT
Image_1209.jpg,COPPER TAIL
Image_1210.jpg,PAPER KITE
Image_1211.jpg,SCARCE SWALLOW
Image_1212.jpg,PAPER KITE
Image_1213.jpg,PURPLISH COPPER
Image_1214.jpg,PINE WHITE
Image_1215.jpg,ORANGE TIP
Image_1216.jpg,BROWN SIPROETA
Image_1217.jpg,PIPEVINE SWALLOW
Image_1218.jpg,CLEOPATRA
Image_1219.jpg,CLOUDED SULPHUR
Image_1220.jpg,MILBERTS TORTOISESHELL
Image_1221.jpg,YELLOW SWALLOW TAIL
Image_1222.jpg,ORANGE TIP
Image_1223.jpg,CLODIUS PARNASSIAN
Image_1224.jpg,MOURNING CLOAK
Image_1225.jpg,RED SPOTTED PURPLE
Image_1226.jpg,SCARCE SWALLOW
Image_1227.jpg,ADONIS
Image_1228.jpg,QUESTION MARK
Image_1229.jpg,SLEEPY ORANGE
Image_1230.jpg,EASTERN PINE ELFIN
Image_1231.jpg,INDRA SWALLOW
Image_1232.jpg,AMERICAN SNOOT
Image_1233.jpg,TROPICAL LEAFWING
Image_1234.jpg,RED SPOTTED PURPLE
Image_1235.jpg,SCARCE SWALLOW
Image_1236.jpg,SILVER SPOT SKIPPER
Image_1237.jpg,PINE WHITE
Image_1238.jpg,AN 88
Image_1239.jpg,VICEROY
Image_1240.jpg,MESTRA
Image_1241.jpg,COMMON WOOD-NYMPH
Image_1242.jpg,EASTERN DAPPLE WHITE
Image_1243.jpg,RED CRACKER
Image_1244.jpg,ATALA
Image_1245.jpg,MALACHITE
Image_1246.jpg,RED ADMIRAL
Image_1247.jpg,PAPER KITE
Image_1248.jpg,PURPLE HAIRSTREAK
Image_1249.jpg,RED POSTMAN
Image_1250.jpg,SOUTHERN DOGFACE
Image_1251.jpg,RED CRACKER
Image_1252.jpg,DANAID EGGFLY
Image_1253.jpg,PAPER KITE
Image_1254.jpg,GREAT EGGFLY
Image_1255.jpg,GREY HAIRSTREAK
Image_1256.jpg,BLUE MORPHO
Image_1257.jpg,IPHICLUS SISTER
Image_1258.jpg,EASTERN DAPPLE WHITE
Image_1259.jpg,RED CRACKER
Image_1260.jpg,ZEBRA LONG WING
Image_1261.jpg,CRECENT
Image_1262.jpg,CHECQUERED SKIPPER
Image_1263.jpg,AFRICAN GIANT SWALLOWTAIL
Image_1264.jpg,PEACOCK
Image_1265.jpg,GOLD BANDED
Image_1266.jpg,GREEN CELLED CATTLEHEART
Image_1267.jpg,AFRICAN GIANT SWALLOWTAIL
Image_1268.jpg,MILBERTS TORTOISESHELL
Image_1269.jpg,CRECENT
Image_1270.jpg,SCARCE SWALLOW
Image_1271.jpg,PURPLE HAIRSTREAK
Image_1272.jpg,YELLOW SWALLOW TAIL
Image_1273.jpg,BLACK HAIRSTREAK
Image_1274.jpg,VICEROY
Image_1275.jpg,SOOTYWING
Image_1276.jpg,CRECENT
Image_1277.jpg,GREY HAIRSTREAK
Image_1278.jpg,TWO BARRED FLASHER
Image_1279.jpg,SOUTHERN DOGFACE
Image_1280.jpg,CRIMSON PATCH
Image_1281.jpg,JULIA
Image_1282.jpg,TWO BARRED FLASHER
Image_1283.jpg,ADONIS
Image_1284.jpg,ATALA
Image_1285.jpg,BLUE MORPHO
Image_1286.jpg,GREY HAIRSTREAK
Image_1287.jpg,COPPER TAIL
Image_1288.jpg,BLUE SPOTTED CROW
Image_1289.jpg,GOLD BANDED
Image_1290.jpg,STRAITED QUEEN
Image_1291.jpg,MONARCH
Image_1292.jpg,GREAT EGGFLY
Image_1293.jpg,EASTERN DAPPLE WHITE
Image_1294.jpg,BANDED ORANGE HELICONIAN
Image_1295.jpg,CLOUDED SULPHUR
Image_1296.jpg,RED SPOTTED PURPLE
Image_1297.jpg,COMMON WOOD-NYMPH
Image_1298.jpg,POPINJAY
Image_1299.jpg,PEACOCK
Image_1300.jpg,VICEROY
Image_1301.jpg,SOUTHERN DOGFACE
Image_1302.jpg,CHECQUERED SKIPPER
Image_1303.jpg,BANDED ORANGE HELICONIAN
Image_1304.jpg,SCARCE SWALLOW
Image_1305.jpg,MANGROVE SKIPPER
Image_1306.jpg,BROWN SIPROETA
Image_1307.jpg,TROPICAL LEAFWING
Image_1308.jpg,CHESTNUT
Image_1309.jpg,MILBERTS TORTOISESHELL
Image_1310.jpg,ORCHARD SWALLOW
Image_1311.jpg,AN 88
Image_1312.jpg,AFRICAN GIANT SWALLOWTAIL
Image_1313.jpg,ULYSES
Image_1314.jpg,JULIA
Image_1315.jpg,ORANGE OAKLEAF
Image_1316.jpg,ORANGE TIP
Image_1317.jpg,EASTERN DAPPLE WHITE
Image_1318.jpg,POPINJAY
Image_1319.jpg,CABBAGE WHITE
Image_1320.jpg,CHESTNUT
Image_1321.jpg,AN 88
Image_1322.jpg,ULYSES
Image_1323.jpg,MILBERTS TORTOISESHELL
Image_1324.jpg,BROWN SIPROETA
Image_1325.jpg,EASTERN PINE ELFIN
Image_1326.jpg,COPPER TAIL
Image_1327.jpg,MOURNING CLOAK
Image_1328.jpg,VICEROY
Image_1329.jpg,ATALA
Image_1330.jpg,GREAT EGGFLY
Image_1331.jpg,ADONIS
Image_1332.jpg,ORANGE OAKLEAF
Image_1333.jpg,PEACOCK
Image_1334.jpg,EASTERN DAPPLE WHITE
Image_1335.jpg,AMERICAN SNOOT
Image_1336.jpg,GOLD BANDED
Image_1337.jpg,CRECENT
Image_1338.jpg,AFRICAN GIANT SWALLOWTAIL
Image_1339.jpg,GREAT JAY
Image_1340.jpg,SCARCE SWALLOW
Image_1341.jpg,MOURNING CLOAK
Image_1342.jpg,VICEROY
Image_1343.jpg,BANDED PEACOCK
Image_1344.jpg,ZEBRA LONG WING
Image_1345.jpg,PINE WHITE
Image_1346.jpg,RED ADMIRAL
Image_1347.jpg,BROWN SIPROETA
Image_1348.jpg,VICEROY
Image_1349.jpg,MOURNING CLOAK
Image_1350.jpg,EASTERN PINE ELFIN
Image_1351.jpg,SOUTHERN DOGFACE
Image_1352.jpg,IPHICLUS SISTER
Image_1353.jpg,AN 88
Image_1354.jpg,SOUTHERN DOGFACE
Image_1355.jpg,PAPER KITE
Image_1356.jpg,ORCHARD SWALLOW
Image_1357.jpg,MOURNING CLOAK
Image_1358.jpg,GREY HAIRSTREAK
Image_1359.jpg,CLODIUS PARNASSIAN
Image_1360.jpg,COMMON WOOD-NYMPH
Image_1361.jpg,RED ADMIRAL
Image_1362.jpg,SCARCE SWALLOW
Image_1363.jpg,GOLD BANDED
Image_1364.jpg,RED POSTMAN
Image_1365.jpg,MONARCH
Image_1366.jpg,ORANGE TIP
Image_1367.jpg,ADONIS
Image_1368.jpg,PINE WHITE
Image_1369.jpg,GREAT JAY
Image_1370.jpg,POPINJAY
Image_1371.jpg,AMERICAN SNOOT
Image_1372.jpg,TWO BARRED FLASHER
Image_1373.jpg,SOOTYWING
Image_1374.jpg,GREEN CELLED CATTLEHEART
Image_1375.jpg,RED CRACKER
Image_1376.jpg,ZEBRA LONG WING
Image_1377.jpg,PEACOCK
Image_1378.jpg,INDRA SWALLOW
Image_1379.jpg,PAPER KITE
Image_1380.jpg,ORANGE TIP
Image_1381.jpg,CRIMSON PATCH
Image_1382.jpg,BANDED ORANGE HELICONIAN
Image_1383.jpg,YELLOW SWALLOW TAIL
Image_1384.jpg,EASTERN DAPPLE WHITE
Image_1385.jpg,GREAT EGGFLY
Image_1386.jpg,CRECENT
Image_1387.jpg,MONARCH
Image_1388.jpg,TROPICAL LEAFWING
Image_1389.jpg,GREEN CELLED CATTLEHEART
Image_1390.jpg,MANGROVE SKIPPER
Image_1391.jpg,CRIMSON PATCH
Image_1392.jpg,BLACK HAIRSTREAK
Image_1393.jpg,AN 88
Image_1394.jpg,CABBAGE WHITE
Image_1395.jpg,AN 88
Image_1396.jpg,CABBAGE WHITE
Image_1397.jpg,RED POSTMAN
Image_1398.jpg,POPINJAY
Image_1399.jpg,PINE WHITE
Image_1400.jpg,MESTRA
Image_1401.jpg,ORCHARD SWALLOW
Image_1402.jpg,TROPICAL LEAFWING
Image_1403.jpg,AMERICAN SNOOT
Image_1404.jpg,RED CRACKER
Image_1405.jpg,BLUE MORPHO
Image_1406.jpg,EASTERN COMA
Image_1407.jpg,CLEOPATRA
Image_1408.jpg,MANGROVE SKIPPER
Image_1409.jpg,SOOTYWING
Image_1410.jpg,ADONIS
Image_1411.jpg,EASTERN COMA
Image_1412.jpg,RED ADMIRAL
Image_1413.jpg,MANGROVE SKIPPER
Image_1414.jpg,SOOTYWING
Image_1415.jpg,BANDED ORANGE HELICONIAN
Image_1416.jpg,MOURNING CLOAK
Image_1417.jpg,RED POSTMAN
Image_1418.jpg,EASTERN COMA
Image_1419.jpg,SOOTYWING
Image_1420.jpg,ADONIS
Image_1421.jpg,BLACK HAIRSTREAK
Image_1422.jpg,PAINTED LADY
Image_1423.jpg,SOUTHERN DOGFACE
Image_1424.jpg,ATALA
Image_1425.jpg,BROWN SIPROETA
Image_1426.jpg,METALMARK
Image_1427.jpg,CAIRNS BIRDWING
Image_1428.jpg,EASTERN COMA
Image_1429.jpg,RED POSTMAN
Image_1430.jpg,SOOTYWING
Image_1431.jpg,EASTERN PINE ELFIN
Image_1432.jpg,LARGE MARBLE
Image_1433.jpg,SLEEPY ORANGE
Image_1434.jpg,RED ADMIRAL
Image_1435.jpg,AMERICAN SNOOT
Image_1436.jpg,POPINJAY
Image_1437.jpg,SOUTHERN DOGFACE
Image_1438.jpg,CLEOPATRA
Image_1439.jpg,GREEN CELLED CATTLEHEART
Image_1440.jpg,VICEROY
Image_1441.jpg,WOOD SATYR
Image_1442.jpg,COPPER TAIL
Image_1443.jpg,LARGE MARBLE
Image_1444.jpg,PINE WHITE
Image_1445.jpg,CRECENT
Image_1446.jpg,EASTERN PINE ELFIN
Image_1447.jpg,STRAITED QUEEN
Image_1448.jpg,PAPER KITE
Image_1449.jpg,MALACHITE
Image_1450.jpg,AN 88
Image_1451.jpg,RED POSTMAN
Image_1452.jpg,RED SPOTTED PURPLE
Image_1453.jpg,BROWN SIPROETA
Image_1454.jpg,ZEBRA LONG WING
Image_1455.jpg,SLEEPY ORANGE
Image_1456.jpg,IPHICLUS SISTER
Image_1457.jpg,BANDED ORANGE HELICONIAN
Image_1458.jpg,BECKERS WHITE
Image_1459.jpg,GOLD BANDED
Image_1460.jpg,RED ADMIRAL
Image_1461.jpg,MOURNING CLOAK
Image_1462.jpg,RED SPOTTED PURPLE
Image_1463.jpg,BLACK HAIRSTREAK
Image_1464.jpg,CLEOPATRA
Image_1465.jpg,ORANGE TIP
Image_1466.jpg,MANGROVE SKIPPER
Image_1467.jpg,IPHICLUS SISTER
Image_1468.jpg,DANAID EGGFLY
Image_1469.jpg,INDRA SWALLOW
Image_1470.jpg,BANDED ORANGE HELICONIAN
Image_1471.jpg,BECKERS WHITE
Image_1472.jpg,LARGE MARBLE
Image_1473.jpg,MONARCH
Image_1474.jpg,TWO BARRED FLASHER
Image_1475.jpg,SILVER SPOT SKIPPER
Image_1476.jpg,RED SPOTTED PURPLE
Image_1477.jpg,AMERICAN SNOOT
Image_1478.jpg,MANGROVE SKIPPER
Image_1479.jpg,BLUE SPOTTED CROW
Image_1480.jpg,MALACHITE
Image_1481.jpg,RED POSTMAN
Image_1482.jpg,GREAT JAY
Image_1483.jpg,EASTERN PINE ELFIN
Image_1484.jpg,SLEEPY ORANGE
Image_1485.jpg,CLODIUS PARNASSIAN
Image_1486.jpg,CAIRNS BIRDWING
Image_1487.jpg,SILVER SPOT SKIPPER
Image_1488.jpg,MOURNING CLOAK
Image_1489.jpg,CAIRNS BIRDWING
Image_1490.jpg,COMMON WOOD-NYMPH
Image_1491.jpg,RED POSTMAN
Image_1492.jpg,SOOTYWING
Image_1493.jpg,CHESTNUT
Image_1494.jpg,APPOLLO
Image_1495.jpg,GREEN CELLED CATTLEHEART
Image_1496.jpg,MILBERTS TORTOISESHELL
Image_1497.jpg,EASTERN PINE ELFIN
Image_1498.jpg,CRECENT
Image_1499.jpg,ULYSES
Image_1500.jpg,PAPER KITE
Image_1501.jpg,EASTERN DAPPLE WHITE
Image_1502.jpg,MOURNING CLOAK
Image_1503.jpg,BLUE SPOTTED CROW
Image_1504.jpg,RED ADMIRAL
Image_1505.jpg,EASTERN COMA
Image_1506.jpg,ULYSES
Image_1507.jpg,ORCHARD SWALLOW
Image_1508.jpg,BANDED PEACOCK
Image_1509.jpg,DANAID EGGFLY
Image_1510.jpg,BLUE MORPHO
Image_1511.jpg,ADONIS
Image_1512.jpg,BROWN SIPROETA
Image_1513.jpg,ATALA
Image_1514.jpg,GREAT EGGFLY
Image_1515.jpg,STRAITED QUEEN
Image_1516.jpg,BLACK HAIRSTREAK
Image_1517.jpg,BANDED ORANGE HELICONIAN
Image_1518.jpg,AN 88
Image_1519.jpg,COPPER TAIL
Image_1520.jpg,PIPEVINE SWALLOW
Image_1521.jpg,PAPER KITE
Image_1522.jpg,EASTERN COMA
Image_1523.jpg,GREAT JAY
Image_1524.jpg,EASTERN DAPPLE WHITE
Image_1525.jpg,DANAID EGGFLY
Image_1526.jpg,AN 88
Image_1527.jpg,SCARCE SWALLOW
Image_1528.jpg,PAPER KITE
Image_1529.jpg,TROPICAL LEAFWING
Image_1530.jpg,PINE WHITE
Image_1531.jpg,COMMON WOOD-NYMPH
Image_1532.jpg,CHESTNUT
Image_1533.jpg,SLEEPY ORANGE
Image_1534.jpg,RED SPOTTED PURPLE
Image_1535.jpg,GREAT EGGFLY
Image_1536.jpg,RED CRACKER
Image_1537.jpg,CRECENT
Image_1538.jpg,ZEBRA LONG WING
Image_1539.jpg,CLEOPATRA
Image_1540.jpg,QUESTION MARK
Image_1541.jpg,ORANGE OAKLEAF
Image_1542.jpg,ATALA
Image_1543.jpg,LARGE MARBLE
Image_1544.jpg,JULIA
Image_1545.jpg,GREEN CELLED CATTLEHEART
Image_1546.jpg,YELLOW SWALLOW TAIL
Image_1547.jpg,MESTRA
Image_1548.jpg,BLUE SPOTTED CROW
Image_1549.jpg,BLACK HAIRSTREAK
Image_1550.jpg,GREAT JAY
Image_1551.jpg,BANDED PEACOCK
Image_1552.jpg,COMMON BANDED AWL
Image_1553.jpg,ATALA
Image_1554.jpg,BLACK HAIRSTREAK
Image_1555.jpg,VICEROY
Image_1556.jpg,CAIRNS BIRDWING
Image_1557.jpg,DANAID EGGFLY
Image_1558.jpg,SOUTHERN DOGFACE
Image_1559.jpg,SOOTYWING
Image_1560.jpg,SOUTHERN DOGFACE
Image_1561.jpg,RED ADMIRAL
Image_1562.jpg,CABBAGE WHITE
Image_1563.jpg,PINE WHITE
Image_1564.jpg,ORCHARD SWALLOW
Image_1565.jpg,RED POSTMAN
Image_1566.jpg,AMERICAN SNOOT
Image_1567.jpg,CHECQUERED SKIPPER
Image_1568.jpg,BANDED ORANGE HELICONIAN
Image_1569.jpg,BECKERS WHITE
Image_1570.jpg,ORANGE TIP
Image_1571.jpg,MILBERTS TORTOISESHELL
Image_1572.jpg,BLACK HAIRSTREAK
Image_1573.jpg,PINE WHITE
Image_1574.jpg,MANGROVE SKIPPER
Image_1575.jpg,SOUTHERN DOGFACE
Image_1576.jpg,INDRA SWALLOW
Image_1577.jpg,BANDED PEACOCK
Image_1578.jpg,METALMARK
Image_1579.jpg,IPHICLUS SISTER
Image_1580.jpg,MOURNING CLOAK
Image_1581.jpg,PAINTED LADY
Image_1582.jpg,ATALA
Image_1583.jpg,MOURNING CLOAK
Image_1584.jpg,GOLD BANDED
Image_1585.jpg,CHECQUERED SKIPPER
Image_1586.jpg,CRECENT
Image_1587.jpg,GREEN CELLED CATTLEHEART
Image_1588.jpg,MILBERTS TORTOISESHELL
Image_1589.jpg,COPPER TAIL
Image_1590.jpg,CAIRNS BIRDWING
Image_1591.jpg,ATALA
Image_1592.jpg,ULYSES
Image_1593.jpg,SILVER SPOT SKIPPER
Image_1594.jpg,AN 88
Image_1595.jpg,RED SPOTTED PURPLE
Image_1596.jpg,STRAITED QUEEN
Image_1597.jpg,APPOLLO
Image_1598.jpg,INDRA SWALLOW
Image_1599.jpg,MONARCH
Image_1600.jpg,CRECENT
Image_1601.jpg,CAIRNS BIRDWING
Image_1602.jpg,RED POSTMAN
Image_1603.jpg,PINE WHITE
Image_1604.jpg,LARGE MARBLE
Image_1605.jpg,SILVER SPOT SKIPPER
Image_1606.jpg,BROWN SIPROETA
Image_1607.jpg,PAINTED LADY
Image_1608.jpg,PAINTED LADY
Image_1609.jpg,VICEROY
Image_1610.jpg,PAPER KITE
Image_1611.jpg,MANGROVE SKIPPER
Image_1612.jpg,GREY HAIRSTREAK
Image_1613.jpg,GREY HAIRSTREAK
Image_1614.jpg,AN 88
Image_1615.jpg,EASTERN COMA
Image_1616.jpg,PEACOCK
Image_1617.jpg,ATALA
Image_1618.jpg,BANDED PEACOCK
Image_1619.jpg,SLEEPY ORANGE
Image_1620.jpg,PURPLISH COPPER
Image_1621.jpg,ATALA
Image_1622.jpg,EASTERN COMA
Image_1623.jpg,CLODIUS PARNASSIAN
Image_1624.jpg,PIPEVINE SWALLOW
Image_1625.jpg,GREAT JAY
Image_1626.jpg,POPINJAY
Image_1627.jpg,CLODIUS PARNASSIAN
Image_1628.jpg,GREAT EGGFLY
Image_1629.jpg,ORANGE TIP
Image_1630.jpg,MOURNING CLOAK
Image_1631.jpg,RED POSTMAN
Image_1632.jpg,COMMON WOOD-NYMPH
Image_1633.jpg,CLODIUS PARNASSIAN
Image_1634.jpg,BLUE SPOTTED CROW
Image_1635.jpg,MESTRA
Image_1636.jpg,EASTERN PINE ELFIN
Image_1637.jpg,MESTRA
Image_1638.jpg,BECKERS WHITE
Image_1639.jpg,COMMON WOOD-NYMPH
Image_1640.jpg,CRECENT
Image_1641.jpg,MESTRA
Image_1642.jpg,STRAITED QUEEN
Image_1643.jpg,AFRICAN GIANT SWALLOWTAIL
Image_1644.jpg,POPINJAY
Image_1645.jpg,SLEEPY ORANGE
Image_1646.jpg,STRAITED QUEEN
Image_1647.jpg,GREAT EGGFLY
Image_1648.jpg,MOURNING CLOAK
Image_1649.jpg,VICEROY
Image_1650.jpg,ZEBRA LONG WING
Image_1651.jpg,SILVER SPOT SKIPPER
Image_1652.jpg,ZEBRA LONG WING
Image_1653.jpg,ZEBRA LONG WING
Image_1654.jpg,MILBERTS TORTOISESHELL
Image_1655.jpg,RED SPOTTED PURPLE
Image_1656.jpg,GREAT EGGFLY
Image_1657.jpg,ADONIS
Image_1658.jpg,GREEN CELLED CATTLEHEART
Image_1659.jpg,COPPER TAIL
Image_1660.jpg,COPPER TAIL
Image_1661.jpg,METALMARK
Image_1662.jpg,GREY HAIRSTREAK
Image_1663.jpg,SOOTYWING
Image_1664.jpg,TROPICAL LEAFWING
Image_1665.jpg,MESTRA
Image_1666.jpg,SOUTHERN DOGFACE
Image_1667.jpg,PAPER KITE
Image_1668.jpg,TROPICAL LEAFWING
Image_1669.jpg,AMERICAN SNOOT
Image_1670.jpg,PURPLE HAIRSTREAK
Image_1671.jpg,BROWN SIPROETA
Image_1672.jpg,DANAID EGGFLY
Image_1673.jpg,ELBOWED PIERROT
Image_1674.jpg,MESTRA
Image_1675.jpg,CRECENT
Image_1676.jpg,SOUTHERN DOGFACE
Image_1677.jpg,SLEEPY ORANGE
Image_1678.jpg,EASTERN DAPPLE WHITE
Image_1679.jpg,SOUTHERN DOGFACE
Image_1680.jpg,METALMARK
Image_1681.jpg,AMERICAN SNOOT
Image_1682.jpg,LARGE MARBLE
Image_1683.jpg,CLODIUS PARNASSIAN
Image_1684.jpg,QUESTION MARK
Image_1685.jpg,CRECENT
Image_1686.jpg,BROWN SIPROETA
Image_1687.jpg,EASTERN PINE ELFIN
Image_1688.jpg,CABBAGE WHITE
Image_1689.jpg,BLUE MORPHO
Image_1690.jpg,COMMON WOOD-NYMPH
Image_1691.jpg,TWO BARRED FLASHER
Image_1692.jpg,SILVER SPOT SKIPPER
Image_1693.jpg,CAIRNS BIRDWING
Image_1694.jpg,MESTRA
Image_1695.jpg,RED ADMIRAL
Image_1696.jpg,EASTERN DAPPLE WHITE
Image_1697.jpg,PEACOCK
Image_1698.jpg,CRIMSON PATCH
Image_1699.jpg,PEACOCK
Image_1700.jpg,ELBOWED PIERROT
Image_1701.jpg,GREY HAIRSTREAK
Image_1702.jpg,MONARCH
Image_1703.jpg,INDRA SWALLOW
Image_1704.jpg,MESTRA
Image_1705.jpg,BLUE MORPHO
Image_1706.jpg,GREAT EGGFLY
Image_1707.jpg,ORANGE OAKLEAF
Image_1708.jpg,PEACOCK
Image_1709.jpg,MALACHITE
Image_1710.jpg,CLODIUS PARNASSIAN
Image_1711.jpg,BLUE MORPHO
Image_1712.jpg,PURPLISH COPPER
Image_1713.jpg,BLACK HAIRSTREAK
Image_1714.jpg,SLEEPY ORANGE
Image_1715.jpg,BANDED ORANGE HELICONIAN
Image_1716.jpg,PEACOCK
Image_1717.jpg,BLUE MORPHO
Image_1718.jpg,CABBAGE WHITE
Image_1719.jpg,ADONIS
Image_1720.jpg,EASTERN PINE ELFIN
Image_1721.jpg,CRECENT
Image_1722.jpg,RED ADMIRAL
Image_1723.jpg,COMMON WOOD-NYMPH
Image_1724.jpg,PAINTED LADY
Image_1725.jpg,EASTERN PINE ELFIN
Image_1726.jpg,COPPER TAIL
Image_1727.jpg,ORCHARD SWALLOW
Image_1728.jpg,JULIA
Image_1729.jpg,LARGE MARBLE
Image_1730.jpg,SLEEPY ORANGE
Image_1731.jpg,ADONIS
Image_1732.jpg,GREAT JAY
Image_1733.jpg,DANAID EGGFLY
Image_1734.jpg,RED POSTMAN
Image_1735.jpg,BANDED PEACOCK
Image_1736.jpg,AN 88
Image_1737.jpg,ORANGE OAKLEAF
Image_1738.jpg,PURPLISH COPPER
Image_1739.jpg,PINE WHITE
Image_1740.jpg,BLUE SPOTTED CROW
Image_1741.jpg,CRECENT
Image_1742.jpg,CRIMSON PATCH
Image_1743.jpg,PAPER KITE
Image_1744.jpg,MESTRA
Image_1745.jpg,CRECENT
Image_1746.jpg,GOLD BANDED
Image_1747.jpg,GREY HAIRSTREAK
Image_1748.jpg,ELBOWED PIERROT
Image_1749.jpg,BLUE MORPHO
Image_1750.jpg,CHECQUERED SKIPPER
Image_1751.jpg,BLACK HAIRSTREAK
Image_1752.jpg,ULYSES
Image_1753.jpg,DANAID EGGFLY
Image_1754.jpg,COMMON WOOD-NYMPH
Image_1755.jpg,STRAITED QUEEN
Image_1756.jpg,MOURNING CLOAK
Image_1757.jpg,CHECQUERED SKIPPER
Image_1758.jpg,MESTRA
Image_1759.jpg,GREAT EGGFLY
Image_1760.jpg,METALMARK
Image_1761.jpg,TROPICAL LEAFWING
Image_1762.jpg,ELBOWED PIERROT
Image_1763.jpg,METALMARK
Image_1764.jpg,RED ADMIRAL
Image_1765.jpg,SLEEPY ORANGE
Image_1766.jpg,CHECQUERED SKIPPER
Image_1767.jpg,PAPER KITE
Image_1768.jpg,MONARCH
Image_1769.jpg,MALACHITE
Image_1770.jpg,DANAID EGGFLY
Image_1771.jpg,GREAT EGGFLY
Image_1772.jpg,TWO BARRED FLASHER
Image_1773.jpg,CAIRNS BIRDWING
Image_1774.jpg,PAPER KITE
Image_1775.jpg,YELLOW SWALLOW TAIL
Image_1776.jpg,RED SPOTTED PURPLE
Image_1777.jpg,VICEROY
Image_1778.jpg,MANGROVE SKIPPER
Image_1779.jpg,PAINTED LADY
Image_1780.jpg,MOURNING CLOAK
Image_1781.jpg,BROWN SIPROETA
Image_1782.jpg,SOUTHERN DOGFACE
Image_1783.jpg,WOOD SATYR
Image_1784.jpg,BROWN SIPROETA
Image_1785.jpg,MANGROVE SKIPPER
Image_1786.jpg,COPPER TAIL
Image_1787.jpg,COMMON BANDED AWL
Image_1788.jpg,TWO BARRED FLASHER
Image_1789.jpg,CAIRNS BIRDWING
Image_1790.jpg,INDRA SWALLOW
Image_1791.jpg,CLODIUS PARNASSIAN
Image_1792.jpg,MALACHITE
Image_1793.jpg,ORANGE TIP
Image_1794.jpg,MANGROVE SKIPPER
Image_1795.jpg,GREEN CELLED CATTLEHEART
Image_1796.jpg,TROPICAL LEAFWING
Image_1797.jpg,GREAT EGGFLY
Image_1798.jpg,SOUTHERN DOGFACE
Image_1799.jpg,RED SPOTTED PURPLE
Image_1800.jpg,SOUTHERN DOGFACE
Image_1801.jpg,BANDED ORANGE HELICONIAN
Image_1802.jpg,INDRA SWALLOW
Image_1803.jpg,GREY HAIRSTREAK
Image_1804.jpg,EASTERN COMA
Image_1805.jpg,MANGROVE SKIPPER
Image_1806.jpg,CABBAGE WHITE
Image_1807.jpg,PIPEVINE SWALLOW
Image_1808.jpg,MESTRA
Image_1809.jpg,RED CRACKER
Image_1810.jpg,EASTERN COMA
Image_1811.jpg,PAPER KITE
Image_1812.jpg,ATALA
Image_1813.jpg,ADONIS
Image_1814.jpg,SCARCE SWALLOW
Image_1815.jpg,PAPER KITE
Image_1816.jpg,WOOD SATYR
Image_1817.jpg,PINE WHITE
Image_1818.jpg,SOOTYWING
Image_1819.jpg,ORCHARD SWALLOW
Image_1820.jpg,RED ADMIRAL
Image_1821.jpg,MESTRA
Image_1822.jpg,ATALA
Image_1823.jpg,ORANGE OAKLEAF
Image_1824.jpg,ATALA
Image_1825.jpg,ORANGE TIP
Image_1826.jpg,ULYSES
Image_1827.jpg,ORANGE TIP
Image_1828.jpg,ELBOWED PIERROT
Image_1829.jpg,INDRA SWALLOW
Image_1830.jpg,WOOD SATYR
Image_1831.jpg,MILBERTS TORTOISESHELL
Image_1832.jpg,MILBERTS TORTOISESHELL
Image_1833.jpg,STRAITED QUEEN
Image_1834.jpg,GREEN CELLED CATTLEHEART
Image_1835.jpg,VICEROY
Image_1836.jpg,JULIA
Image_1837.jpg,YELLOW SWALLOW TAIL
Image_1838.jpg,ORANGE TIP
Image_1839.jpg,APPOLLO
Image_1840.jpg,MILBERTS TORTOISESHELL
Image_1841.jpg,SILVER SPOT SKIPPER
Image_1842.jpg,MOURNING CLOAK
Image_1843.jpg,TROPICAL LEAFWING
Image_1844.jpg,YELLOW SWALLOW TAIL
Image_1845.jpg,CLEOPATRA
Image_1846.jpg,AMERICAN SNOOT
Image_1847.jpg,ORANGE TIP
Image_1848.jpg,BANDED ORANGE HELICONIAN
Image_1849.jpg,RED ADMIRAL
Image_1850.jpg,BANDED PEACOCK
Image_1851.jpg,BLUE SPOTTED CROW
Image_1852.jpg,CHESTNUT
Image_1853.jpg,BANDED ORANGE HELICONIAN
Image_1854.jpg,BROWN SIPROETA
Image_1855.jpg,CABBAGE WHITE
Image_1856.jpg,EASTERN DAPPLE WHITE
Image_1857.jpg,IPHICLUS SISTER
Image_1858.jpg,JULIA
Image_1859.jpg,CHECQUERED SKIPPER
Image_1860.jpg,SOUTHERN DOGFACE
Image_1861.jpg,CRIMSON PATCH
Image_1862.jpg,GREAT JAY
Image_1863.jpg,QUESTION MARK
Image_1864.jpg,GREEN CELLED CATTLEHEART
Image_1865.jpg,PAPER KITE
Image_1866.jpg,METALMARK
Image_1867.jpg,POPINJAY
Image_1868.jpg,BANDED ORANGE HELICONIAN
Image_1869.jpg,GOLD BANDED
Image_1870.jpg,BLACK HAIRSTREAK
Image_1871.jpg,BANDED PEACOCK
Image_1872.jpg,JULIA
Image_1873.jpg,TWO BARRED FLASHER
Image_1874.jpg,GREAT JAY
Image_1875.jpg,ULYSES
Image_1876.jpg,RED CRACKER
Image_1877.jpg,MOURNING CLOAK
Image_1878.jpg,EASTERN COMA
Image_1879.jpg,COMMON WOOD-NYMPH
Image_1880.jpg,DANAID EGGFLY
Image_1881.jpg,PINE WHITE
Image_1882.jpg,PEACOCK
Image_1883.jpg,SCARCE SWALLOW
Image_1884.jpg,ULYSES
Image_1885.jpg,RED SPOTTED PURPLE
Image_1886.jpg,AFRICAN GIANT SWALLOWTAIL
Image_1887.jpg,CHESTNUT
Image_1888.jpg,GREAT EGGFLY
Image_1889.jpg,IPHICLUS SISTER
Image_1890.jpg,EASTERN COMA
Image_1891.jpg,SLEEPY ORANGE
Image_1892.jpg,CHECQUERED SKIPPER
Image_1893.jpg,GOLD BANDED
Image_1894.jpg,VICEROY
Image_1895.jpg,ORANGE OAKLEAF
Image_1896.jpg,RED ADMIRAL
Image_1897.jpg,TWO BARRED FLASHER
Image_1898.jpg,TROPICAL LEAFWING
Image_1899.jpg,EASTERN COMA
Image_1900.jpg,CRECENT
Image_1901.jpg,PURPLE HAIRSTREAK
Image_1902.jpg,VICEROY
Image_1903.jpg,CHECQUERED SKIPPER
Image_1904.jpg,BROWN SIPROETA
Image_1905.jpg,SOOTYWING
Image_1906.jpg,PAINTED LADY
Image_1907.jpg,GREY HAIRSTREAK
Image_1908.jpg,BECKERS WHITE
Image_1909.jpg,MALACHITE
Image_1910.jpg,RED CRACKER
Image_1911.jpg,BLACK HAIRSTREAK
Image_1912.jpg,STRAITED QUEEN
Image_1913.jpg,POPINJAY
Image_1914.jpg,POPINJAY
Image_1915.jpg,CAIRNS BIRDWING
Image_1916.jpg,RED SPOTTED PURPLE
Image_1917.jpg,CHECQUERED SKIPPER
Image_1918.jpg,BANDED PEACOCK
Image_1919.jpg,GREY HAIRSTREAK
Image_1920.jpg,BANDED PEACOCK
Image_1921.jpg,GREEN CELLED CATTLEHEART
Image_1922.jpg,AFRICAN GIANT SWALLOWTAIL
Image_1923.jpg,JULIA
Image_1924.jpg,MOURNING CLOAK
Image_1925.jpg,SILVER SPOT SKIPPER
Image_1926.jpg,MALACHITE
Image_1927.jpg,AFRICAN GIANT SWALLOWTAIL
Image_1928.jpg,GOLD BANDED
Image_1929.jpg,VICEROY
Image_1930.jpg,SLEEPY ORANGE
Image_1931.jpg,JULIA
Image_1932.jpg,GREAT JAY
Image_1933.jpg,CHECQUERED SKIPPER
Image_1934.jpg,COPPER TAIL
Image_1935.jpg,CAIRNS BIRDWING
Image_1936.jpg,MONARCH
Image_1937.jpg,SOUTHERN DOGFACE
Image_1938.jpg,EASTERN COMA
Image_1939.jpg,CAIRNS BIRDWING
Image_1940.jpg,PEACOCK
Image_1941.jpg,EASTERN COMA
Image_1942.jpg,RED CRACKER
Image_1943.jpg,ELBOWED PIERROT
Image_1944.jpg,RED CRACKER
Image_1945.jpg,MALACHITE
Image_1946.jpg,IPHICLUS SISTER
Image_1947.jpg,MILBERTS TORTOISESHELL
Image_1948.jpg,ORANGE OAKLEAF
Image_1949.jpg,CLODIUS PARNASSIAN
Image_1950.jpg,EASTERN COMA
Image_1951.jpg,BLACK HAIRSTREAK
Image_1952.jpg,ORANGE OAKLEAF
Image_1953.jpg,TWO BARRED FLASHER
Image_1954.jpg,PEACOCK
Image_1955.jpg,PURPLISH COPPER
Image_1956.jpg,RED SPOTTED PURPLE
Image_1957.jpg,GOLD BANDED
Image_1958.jpg,LARGE MARBLE
Image_1959.jpg,DANAID EGGFLY
Image_1960.jpg,COPPER TAIL
Image_1961.jpg,GREAT JAY
Image_1962.jpg,RED CRACKER
Image_1963.jpg,GREAT EGGFLY
Image_1964.jpg,GOLD BANDED
Image_1965.jpg,STRAITED QUEEN
Image_1966.jpg,RED SPOTTED PURPLE
Image_1967.jpg,CHESTNUT
Image_1968.jpg,ORANGE OAKLEAF
Image_1969.jpg,RED POSTMAN
Image_1970.jpg,WOOD SATYR
Image_1971.jpg,MESTRA
Image_1972.jpg,RED POSTMAN
Image_1973.jpg,APPOLLO
Image_1974.jpg,RED POSTMAN
Image_1975.jpg,PAINTED LADY
Image_1976.jpg,STRAITED QUEEN
Image_1977.jpg,BANDED ORANGE HELICONIAN
Image_1978.jpg,SCARCE SWALLOW
Image_1979.jpg,EASTERN COMA
Image_1980.jpg,ADONIS
Image_1981.jpg,SCARCE SWALLOW
Image_1982.jpg,PAPER KITE
Image_1983.jpg,BLUE MORPHO
Image_1984.jpg,GREAT EGGFLY
Image_1985.jpg,INDRA SWALLOW
Image_1986.jpg,CRIMSON PATCH
Image_1987.jpg,LARGE MARBLE
Image_1988.jpg,MONARCH
Image_1989.jpg,GREAT JAY
Image_1990.jpg,BLUE SPOTTED CROW
Image_1991.jpg,BANDED ORANGE HELICONIAN
Image_1992.jpg,EASTERN DAPPLE WHITE
Image_1993.jpg,ORCHARD SWALLOW
Image_1994.jpg,JULIA
Image_1995.jpg,VICEROY
Image_1996.jpg,PINE WHITE
Image_1997.jpg,PIPEVINE SWALLOW
Image_1998.jpg,ELBOWED PIERROT
Image_1999.jpg,SOUTHERN DOGFACE
Image_2000.jpg,BROWN SIPROETA
Image_2001.jpg,SCARCE SWALLOW
Image_2002.jpg,RED CRACKER
Image_2003.jpg,ATALA
Image_2004.jpg,CHECQUERED SKIPPER
Image_2005.jpg,PURPLE HAIRSTREAK
Image_2006.jpg,ZEBRA LONG WING
Image_2007.jpg,BLUE SPOTTED CROW
Image_2008.jpg,CHECQUERED SKIPPER
Image_2009.jpg,RED POSTMAN
Image_2010.jpg,SOOTYWING
Image_2011.jpg,BLUE MORPHO
Image_2012.jpg,BANDED ORANGE HELICONIAN
Image_2013.jpg,PINE WHITE
Image_2014.jpg,ORCHARD SWALLOW
Image_2015.jpg,TWO BARRED FLASHER
Image_2016.jpg,MOURNING CLOAK
Image_2017.jpg,STRAITED QUEEN
Image_2018.jpg,MALACHITE
Image_2019.jpg,CHECQUERED SKIPPER
Image_2020.jpg,EASTERN PINE ELFIN
Image_2021.jpg,MALACHITE
Image_2022.jpg,LARGE MARBLE
Image_2023.jpg,CLODIUS PARNASSIAN
Image_2024.jpg,RED CRACKER
Image_2025.jpg,EASTERN COMA
Image_2026.jpg,RED SPOTTED PURPLE
Image_2027.jpg,CRIMSON PATCH
Image_2028.jpg,SOUTHERN DOGFACE
Image_2029.jpg,APPOLLO
Image_2030.jpg,SLEEPY ORANGE
Image_2031.jpg,TROPICAL LEAFWING
Image_2032.jpg,GOLD BANDED
Image_2033.jpg,BLACK HAIRSTREAK
Image_2034.jpg,AMERICAN SNOOT
Image_2035.jpg,PURPLISH COPPER
Image_2036.jpg,DANAID EGGFLY
Image_2037.jpg,CHECQUERED SKIPPER
Image_2038.jpg,BANDED PEACOCK
Image_2039.jpg,BLACK HAIRSTREAK
Image_2040.jpg,ORANGE OAKLEAF
Image_2041.jpg,ELBOWED PIERROT
Image_2042.jpg,AN 88
Image_2043.jpg,RED CRACKER
Image_2044.jpg,SCARCE SWALLOW
Image_2045.jpg,GREAT EGGFLY
Image_2046.jpg,MALACHITE
Image_2047.jpg,TROPICAL LEAFWING
Image_2048.jpg,MANGROVE SKIPPER
Image_2049.jpg,ATALA
Image_2050.jpg,BLUE SPOTTED CROW
Image_2051.jpg,CLEOPATRA
Image_2052.jpg,LARGE MARBLE
Image_2053.jpg,COMMON BANDED AWL
Image_2054.jpg,QUESTION MARK
Image_2055.jpg,ADONIS
Image_2056.jpg,SLEEPY ORANGE
Image_2057.jpg,RED SPOTTED PURPLE
Image_2058.jpg,RED POSTMAN
Image_2059.jpg,BROWN SIPROETA
Image_2060.jpg,BROWN SIPROETA
Image_2061.jpg,MOURNING CLOAK
Image_2062.jpg,SOOTYWING
Image_2063.jpg,BECKERS WHITE
Image_2064.jpg,EASTERN PINE ELFIN
Image_2065.jpg,PAINTED LADY
Image_2066.jpg,ULYSES
Image_2067.jpg,AN 88
Image_2068.jpg,AFRICAN GIANT SWALLOWTAIL
Image_2069.jpg,CABBAGE WHITE
Image_2070.jpg,MOURNING CLOAK
Image_2071.jpg,GREY HAIRSTREAK
Image_2072.jpg,PAPER KITE
Image_2073.jpg,BANDED PEACOCK
Image_2074.jpg,TWO BARRED FLASHER
Image_2075.jpg,BLUE SPOTTED CROW
Image_2076.jpg,SOUTHERN DOGFACE
Image_2077.jpg,BECKERS WHITE
Image_2078.jpg,CRIMSON PATCH
Image_2079.jpg,YELLOW SWALLOW TAIL
Image_2080.jpg,RED SPOTTED PURPLE
Image_2081.jpg,ORCHARD SWALLOW
Image_2082.jpg,INDRA SWALLOW
Image_2083.jpg,MOURNING CLOAK
Image_2084.jpg,CABBAGE WHITE
Image_2085.jpg,RED POSTMAN
Image_2086.jpg,CLODIUS PARNASSIAN
Image_2087.jpg,CLODIUS PARNASSIAN
Image_2088.jpg,GREEN CELLED CATTLEHEART
Image_2089.jpg,TROPICAL LEAFWING
Image_2090.jpg,RED SPOTTED PURPLE
Image_2091.jpg,APPOLLO
Image_2092.jpg,GREEN CELLED CATTLEHEART
Image_2093.jpg,BROWN SIPROETA
Image_2094.jpg,SCARCE SWALLOW
Image_2095.jpg,ELBOWED PIERROT
Image_2096.jpg,ORCHARD SWALLOW
Image_2097.jpg,CLEOPATRA
Image_2098.jpg,AMERICAN SNOOT
Image_2099.jpg,AN 88
Image_2100.jpg,CLODIUS PARNASSIAN
Image_2101.jpg,ORANGE OAKLEAF
Image_2102.jpg,GREAT EGGFLY
Image_2103.jpg,EASTERN COMA
Image_2104.jpg,WOOD SATYR
Image_2105.jpg,CABBAGE WHITE
Image_2106.jpg,MESTRA
Image_2107.jpg,ORANGE TIP
Image_2108.jpg,ULYSES
Image_2109.jpg,GOLD BANDED
Image_2110.jpg,EASTERN DAPPLE WHITE
Image_2111.jpg,GREAT EGGFLY
Image_2112.jpg,BECKERS WHITE
Image_2113.jpg,IPHICLUS SISTER
Image_2114.jpg,EASTERN PINE ELFIN
Image_2115.jpg,BLUE MORPHO
Image_2116.jpg,COMMON BANDED AWL
Image_2117.jpg,BECKERS WHITE
Image_2118.jpg,MANGROVE SKIPPER
Image_2119.jpg,SOUTHERN DOGFACE
Image_2120.jpg,MOURNING CLOAK
Image_2121.jpg,PINE WHITE
Image_2122.jpg,VICEROY
Image_2123.jpg,IPHICLUS SISTER
Image_2124.jpg,CAIRNS BIRDWING
Image_2125.jpg,CHECQUERED SKIPPER
Image_2126.jpg,ZEBRA LONG WING
Image_2127.jpg,CRECENT
Image_2128.jpg,SOOTYWING
Image_2129.jpg,SLEEPY ORANGE
Image_2130.jpg,GREAT EGGFLY
Image_2131.jpg,EASTERN PINE ELFIN
Image_2132.jpg,SOUTHERN DOGFACE
Image_2133.jpg,EASTERN COMA
Image_2134.jpg,RED CRACKER
Image_2135.jpg,IPHICLUS SISTER
Image_2136.jpg,CRECENT
Image_2137.jpg,MALACHITE
Image_2138.jpg,BLUE SPOTTED CROW
Image_2139.jpg,CLOUDED SULPHUR
Image_2140.jpg,STRAITED QUEEN
Image_2141.jpg,EASTERN COMA
Image_2142.jpg,MOURNING CLOAK
Image_2143.jpg,GREY HAIRSTREAK
Image_2144.jpg,GREY HAIRSTREAK
Image_2145.jpg,CRIMSON PATCH
Image_2146.jpg,CLODIUS PARNASSIAN
Image_2147.jpg,COMMON WOOD-NYMPH
Image_2148.jpg,PINE WHITE
Image_2149.jpg,MONARCH
Image_2150.jpg,ATALA
Image_2151.jpg,RED ADMIRAL
Image_2152.jpg,RED SPOTTED PURPLE
Image_2153.jpg,PURPLISH COPPER
Image_2154.jpg,ORANGE TIP
Image_2155.jpg,BLUE MORPHO
Image_2156.jpg,POPINJAY
Image_2157.jpg,BLUE MORPHO
Image_2158.jpg,SOUTHERN DOGFACE
Image_2159.jpg,RED POSTMAN
Image_2160.jpg,PINE WHITE
Image_2161.jpg,GREAT EGGFLY
Image_2162.jpg,BLACK HAIRSTREAK
Image_2163.jpg,SLEEPY ORANGE
Image_2164.jpg,ORCHARD SWALLOW
Image_2165.jpg,ATALA
Image_2166.jpg,DANAID EGGFLY
Image_2167.jpg,POPINJAY
Image_2168.jpg,TROPICAL LEAFWING
Image_2169.jpg,SCARCE SWALLOW
Image_2170.jpg,CLODIUS PARNASSIAN
Image_2171.jpg,RED CRACKER
Image_2172.jpg,WOOD SATYR
Image_2173.jpg,STRAITED QUEEN
Image_2174.jpg,IPHICLUS SISTER
Image_2175.jpg,RED SPOTTED PURPLE
Image_2176.jpg,GREAT EGGFLY
Image_2177.jpg,PIPEVINE SWALLOW
Image_2178.jpg,PIPEVINE SWALLOW
Image_2179.jpg,CRECENT
Image_2180.jpg,MILBERTS TORTOISESHELL
Image_2181.jpg,RED SPOTTED PURPLE
Image_2182.jpg,BANDED PEACOCK
Image_2183.jpg,CRECENT
Image_2184.jpg,BLACK HAIRSTREAK
Image_2185.jpg,ZEBRA LONG WING
Image_2186.jpg,VICEROY
Image_2187.jpg,APPOLLO
Image_2188.jpg,COPPER TAIL
Image_2189.jpg,SOUTHERN DOGFACE
Image_2190.jpg,INDRA SWALLOW
Image_2191.jpg,PURPLE HAIRSTREAK
Image_2192.jpg,POPINJAY
Image_2193.jpg,SOUTHERN DOGFACE
Image_2194.jpg,EASTERN DAPPLE WHITE
Image_2195.jpg,RED POSTMAN
Image_2196.jpg,COPPER TAIL
Image_2197.jpg,COMMON WOOD-NYMPH
Image_2198.jpg,EASTERN DAPPLE WHITE
Image_2199.jpg,SOOTYWING
Image_2200.jpg,SOUTHERN DOGFACE
Image_2201.jpg,STRAITED QUEEN
Image_2202.jpg,GREEN CELLED CATTLEHEART
Image_2203.jpg,GREAT JAY
Image_2204.jpg,BROWN SIPROETA
Image_2205.jpg,CRIMSON PATCH
Image_2206.jpg,SOUTHERN DOGFACE
Image_2207.jpg,ELBOWED PIERROT
Image_2208.jpg,GREAT EGGFLY
Image_2209.jpg,SOOTYWING
Image_2210.jpg,SOUTHERN DOGFACE
Image_2211.jpg,BANDED PEACOCK
Image_2212.jpg,GREAT JAY
Image_2213.jpg,CAIRNS BIRDWING
Image_2214.jpg,MANGROVE SKIPPER
Image_2215.jpg,EASTERN DAPPLE WHITE
Image_2216.jpg,PINE WHITE
Image_2217.jpg,AMERICAN SNOOT
Image_2218.jpg,TWO BARRED FLASHER
Image_2219.jpg,BLACK HAIRSTREAK
Image_2220.jpg,CABBAGE WHITE
Image_2221.jpg,INDRA SWALLOW
Image_2222.jpg,BROWN SIPROETA
Image_2223.jpg,TWO BARRED FLASHER
Image_2224.jpg,PEACOCK
Image_2225.jpg,RED CRACKER
Image_2226.jpg,CRIMSON PATCH
Image_2227.jpg,EASTERN COMA
Image_2228.jpg,TROPICAL LEAFWING
Image_2229.jpg,EASTERN COMA
Image_2230.jpg,BLUE SPOTTED CROW
Image_2231.jpg,CHESTNUT
Image_2232.jpg,ORANGE OAKLEAF
Image_2233.jpg,MANGROVE SKIPPER
Image_2234.jpg,COPPER TAIL
Image_2235.jpg,EASTERN DAPPLE WHITE
Image_2236.jpg,SOUTHERN DOGFACE
Image_2237.jpg,GREEN CELLED CATTLEHEART
Image_2238.jpg,TROPICAL LEAFWING
Image_2239.jpg,DANAID EGGFLY
Image_2240.jpg,EASTERN PINE ELFIN
Image_2241.jpg,CABBAGE WHITE
Image_2242.jpg,ATALA
Image_2243.jpg,GREAT EGGFLY
Image_2244.jpg,MOURNING CLOAK
Image_2245.jpg,BLUE SPOTTED CROW
Image_2246.jpg,GREY HAIRSTREAK
Image_2247.jpg,SLEEPY ORANGE
Image_2248.jpg,ELBOWED PIERROT
Image_2249.jpg,CHESTNUT
Image_2250.jpg,MONARCH
Image_2251.jpg,ULYSES
Image_2252.jpg,AFRICAN GIANT SWALLOWTAIL
Image_2253.jpg,AFRICAN GIANT SWALLOWTAIL
Image_2254.jpg,RED ADMIRAL
Image_2255.jpg,TWO BARRED FLASHER
Image_2256.jpg,GREY HAIRSTREAK
Image_2257.jpg,ADONIS
Image_2258.jpg,LARGE MARBLE
Image_2259.jpg,TWO BARRED FLASHER
Image_2260.jpg,RED CRACKER
Image_2261.jpg,ELBOWED PIERROT
Image_2262.jpg,GREAT JAY
Image_2263.jpg,CLOUDED SULPHUR
Image_2264.jpg,COMMON WOOD-NYMPH
Image_2265.jpg,RED POSTMAN
Image_2266.jpg,MILBERTS TORTOISESHELL
Image_2267.jpg,EASTERN COMA
Image_2268.jpg,WOOD SATYR
Image_2269.jpg,CLEOPATRA
Image_2270.jpg,GREAT EGGFLY
Image_2271.jpg,EASTERN DAPPLE WHITE
Image_2272.jpg,GREAT EGGFLY
Image_2273.jpg,RED CRACKER
Image_2274.jpg,CLODIUS PARNASSIAN
Image_2275.jpg,ATALA
Image_2276.jpg,SILVER SPOT SKIPPER
Image_2277.jpg,CRIMSON PATCH
Image_2278.jpg,PEACOCK
Image_2279.jpg,DANAID EGGFLY
Image_2280.jpg,CAIRNS BIRDWING
Image_2281.jpg,GOLD BANDED
Image_2282.jpg,STRAITED QUEEN
Image_2283.jpg,POPINJAY
Image_2284.jpg,CRIMSON PATCH
Image_2285.jpg,CABBAGE WHITE
Image_2286.jpg,SOUTHERN DOGFACE
Image_2287.jpg,PEACOCK
Image_2288.jpg,BANDED PEACOCK
Image_2289.jpg,MILBERTS TORTOISESHELL
Image_2290.jpg,COMMON WOOD-NYMPH
Image_2291.jpg,BROWN SIPROETA
Image_2292.jpg,PURPLISH COPPER
Image_2293.jpg,IPHICLUS SISTER
Image_2294.jpg,RED SPOTTED PURPLE
Image_2295.jpg,EASTERN DAPPLE WHITE
Image_2296.jpg,GREAT EGGFLY
Image_2297.jpg,BLUE SPOTTED CROW
Image_2298.jpg,TWO BARRED FLASHER
Image_2299.jpg,CAIRNS BIRDWING
Image_2300.jpg,YELLOW SWALLOW TAIL
Image_2301.jpg,LARGE MARBLE
Image_2302.jpg,ORANGE TIP
Image_2303.jpg,STRAITED QUEEN
Image_2304.jpg,CHECQUERED SKIPPER
Image_2305.jpg,RED ADMIRAL
Image_2306.jpg,CHECQUERED SKIPPER
Image_2307.jpg,COMMON WOOD-NYMPH
Image_2308.jpg,PURPLISH COPPER
Image_2309.jpg,DANAID EGGFLY
Image_2310.jpg,CABBAGE WHITE
Image_2311.jpg,PEACOCK
Image_2312.jpg,AFRICAN GIANT SWALLOWTAIL
Image_2313.jpg,ORANGE TIP
Image_2314.jpg,PAINTED LADY
Image_2315.jpg,RED CRACKER
Image_2316.jpg,SOOTYWING
Image_2317.jpg,RED SPOTTED PURPLE
Image_2318.jpg,MOURNING CLOAK
Image_2319.jpg,TWO BARRED FLASHER
Image_2320.jpg,CLODIUS PARNASSIAN
Image_2321.jpg,MALACHITE
Image_2322.jpg,EASTERN PINE ELFIN
Image_2323.jpg,LARGE MARBLE
Image_2324.jpg,MILBERTS TORTOISESHELL
Image_2325.jpg,GREAT EGGFLY
Image_2326.jpg,CHESTNUT
Image_2327.jpg,GOLD BANDED
Image_2328.jpg,INDRA SWALLOW
Image_2329.jpg,PIPEVINE SWALLOW
Image_2330.jpg,ORCHARD SWALLOW
Image_2331.jpg,ZEBRA LONG WING
Image_2332.jpg,YELLOW SWALLOW TAIL
Image_2333.jpg,STRAITED QUEEN
Image_2334.jpg,CLODIUS PARNASSIAN
Image_2335.jpg,QUESTION MARK
Image_2336.jpg,SOUTHERN DOGFACE
Image_2337.jpg,STRAITED QUEEN
Image_2338.jpg,BLUE MORPHO
Image_2339.jpg,APPOLLO
Image_2340.jpg,PAPER KITE
Image_2341.jpg,MONARCH
Image_2342.jpg,SILVER SPOT SKIPPER
Image_2343.jpg,TWO BARRED FLASHER
Image_2344.jpg,JULIA
Image_2345.jpg,GREY HAIRSTREAK
Image_2346.jpg,MOURNING CLOAK
Image_2347.jpg,GREY HAIRSTREAK
Image_2348.jpg,GREY HAIRSTREAK
Image_2349.jpg,ELBOWED PIERROT
Image_2350.jpg,BLUE MORPHO
Image_2351.jpg,GREEN CELLED CATTLEHEART
Image_2352.jpg,MILBERTS TORTOISESHELL
Image_2353.jpg,MALACHITE
Image_2354.jpg,ATALA
Image_2355.jpg,PIPEVINE SWALLOW
Image_2356.jpg,CRIMSON PATCH
Image_2357.jpg,AMERICAN SNOOT
Image_2358.jpg,COMMON WOOD-NYMPH
Image_2359.jpg,EASTERN DAPPLE WHITE
Image_2360.jpg,GREY HAIRSTREAK
Image_2361.jpg,TROPICAL LEAFWING
Image_2362.jpg,GOLD BANDED
Image_2363.jpg,POPINJAY
Image_2364.jpg,PIPEVINE SWALLOW
Image_2365.jpg,COMMON WOOD-NYMPH
Image_2366.jpg,ZEBRA LONG WING
Image_2367.jpg,ELBOWED PIERROT
Image_2368.jpg,CRECENT
Image_2369.jpg,CAIRNS BIRDWING
Image_2370.jpg,STRAITED QUEEN
Image_2371.jpg,PAPER KITE
Image_2372.jpg,TWO BARRED FLASHER
Image_2373.jpg,CRECENT
Image_2374.jpg,WOOD SATYR
Image_2375.jpg,MOURNING CLOAK
Image_2376.jpg,COPPER TAIL
Image_2377.jpg,MONARCH
Image_2378.jpg,PURPLE HAIRSTREAK
Image_2379.jpg,METALMARK
Image_2380.jpg,MOURNING CLOAK
Image_2381.jpg,IPHICLUS SISTER
Image_2382.jpg,METALMARK
Image_2383.jpg,SOUTHERN DOGFACE
Image_2384.jpg,RED ADMIRAL
Image_2385.jpg,GREY HAIRSTREAK
Image_2386.jpg,IPHICLUS SISTER
Image_2387.jpg,MILBERTS TORTOISESHELL
Image_2388.jpg,AFRICAN GIANT SWALLOWTAIL
Image_2389.jpg,EASTERN COMA
Image_2390.jpg,AFRICAN GIANT SWALLOWTAIL
Image_2391.jpg,VICEROY
Image_2392.jpg,SCARCE SWALLOW
Image_2393.jpg,ULYSES
Image_2394.jpg,ATALA
Image_2395.jpg,RED CRACKER
Image_2396.jpg,GREAT JAY
Image_2397.jpg,POPINJAY
Image_2398.jpg,COPPER TAIL
Image_2399.jpg,ADONIS
Image_2400.jpg,COMMON WOOD-NYMPH
Image_2401.jpg,APPOLLO
Image_2402.jpg,CAIRNS BIRDWING
Image_2403.jpg,MOURNING CLOAK
Image_2404.jpg,BECKERS WHITE
Image_2405.jpg,CLOUDED SULPHUR
Image_2406.jpg,MANGROVE SKIPPER
Image_2407.jpg,PEACOCK
Image_2408.jpg,CRECENT
Image_2409.jpg,SOUTHERN DOGFACE
Image_2410.jpg,CABBAGE WHITE
Image_2411.jpg,BLUE MORPHO
Image_2412.jpg,SOUTHERN DOGFACE
Image_2413.jpg,IPHICLUS SISTER
Image_2414.jpg,SOUTHERN DOGFACE
Image_2415.jpg,CRIMSON PATCH
Image_2416.jpg,APPOLLO
Image_2417.jpg,JULIA
Image_2418.jpg,METALMARK
Image_2419.jpg,CHESTNUT
Image_2420.jpg,JULIA
Image_2421.jpg,YELLOW SWALLOW TAIL
Image_2422.jpg,INDRA SWALLOW
Image_2423.jpg,SCARCE SWALLOW
Image_2424.jpg,CRECENT
Image_2425.jpg,BECKERS WHITE
Image_2426.jpg,ZEBRA LONG WING
Image_2427.jpg,SOUTHERN DOGFACE
Image_2428.jpg,EASTERN PINE ELFIN
Image_2429.jpg,RED CRACKER
Image_2430.jpg,CLOUDED SULPHUR
Image_2431.jpg,PIPEVINE SWALLOW
Image_2432.jpg,INDRA SWALLOW
Image_2433.jpg,ADONIS
Image_2434.jpg,JULIA
Image_2435.jpg,IPHICLUS SISTER
Image_2436.jpg,GREY HAIRSTREAK
Image_2437.jpg,GREAT EGGFLY
Image_2438.jpg,PURPLISH COPPER
Image_2439.jpg,PURPLISH COPPER
Image_2440.jpg,SLEEPY ORANGE
Image_2441.jpg,COMMON WOOD-NYMPH
Image_2442.jpg,APPOLLO
Image_2443.jpg,AN 88
Image_2444.jpg,CLEOPATRA
Image_2445.jpg,MESTRA
Image_2446.jpg,EASTERN PINE ELFIN
Image_2447.jpg,CABBAGE WHITE
Image_2448.jpg,CLODIUS PARNASSIAN
Image_2449.jpg,ULYSES
Image_2450.jpg,CLODIUS PARNASSIAN
Image_2451.jpg,CAIRNS BIRDWING
Image_2452.jpg,AMERICAN SNOOT
Image_2453.jpg,COMMON WOOD-NYMPH
Image_2454.jpg,CLODIUS PARNASSIAN
Image_2455.jpg,EASTERN COMA
Image_2456.jpg,GREY HAIRSTREAK
Image_2457.jpg,MANGROVE SKIPPER
Image_2458.jpg,MANGROVE SKIPPER
Image_2459.jpg,EASTERN COMA
Image_2460.jpg,SLEEPY ORANGE
Image_2461.jpg,DANAID EGGFLY
Image_2462.jpg,SCARCE SWALLOW
Image_2463.jpg,COPPER TAIL
Image_2464.jpg,SCARCE SWALLOW
Image_2465.jpg,DANAID EGGFLY
Image_2466.jpg,SOUTHERN DOGFACE
Image_2467.jpg,PIPEVINE SWALLOW
Image_2468.jpg,BROWN SIPROETA
Image_2469.jpg,ADONIS
Image_2470.jpg,RED SPOTTED PURPLE
Image_2471.jpg,GREAT EGGFLY
Image_2472.jpg,ADONIS
Image_2473.jpg,ATALA
Image_2474.jpg,ORCHARD SWALLOW
Image_2475.jpg,APPOLLO
Image_2476.jpg,TWO BARRED FLASHER
Image_2477.jpg,SILVER SPOT SKIPPER
Image_2478.jpg,CRIMSON PATCH
Image_2479.jpg,JULIA
Image_2480.jpg,TWO BARRED FLASHER
Image_2481.jpg,MALACHITE
Image_2482.jpg,MONARCH
Image_2483.jpg,ORCHARD SWALLOW
Image_2484.jpg,DANAID EGGFLY
Image_2485.jpg,SOUTHERN DOGFACE
Image_2486.jpg,MESTRA
Image_2487.jpg,COMMON WOOD-NYMPH
Image_2488.jpg,MONARCH
Image_2489.jpg,MOURNING CLOAK
Image_2490.jpg,VICEROY
Image_2491.jpg,CRECENT
Image_2492.jpg,MANGROVE SKIPPER
Image_2493.jpg,PEACOCK
Image_2494.jpg,CRECENT
Image_2495.jpg,RED POSTMAN
Image_2496.jpg,BANDED PEACOCK
Image_2497.jpg,ELBOWED PIERROT
Image_2498.jpg,ORANGE TIP
Image_2499.jpg,APPOLLO
Image_2500.jpg,SCARCE SWALLOW
Image_2501.jpg,MOURNING CLOAK
Image_2502.jpg,COMMON WOOD-NYMPH
Image_2503.jpg,EASTERN DAPPLE WHITE
Image_2504.jpg,CHESTNUT
Image_2505.jpg,BLUE SPOTTED CROW
Image_2506.jpg,MILBERTS TORTOISESHELL
Image_2507.jpg,ATALA
Image_2508.jpg,IPHICLUS SISTER
Image_2509.jpg,BANDED PEACOCK
Image_2510.jpg,COMMON WOOD-NYMPH
Image_2511.jpg,AN 88
Image_2512.jpg,RED CRACKER
Image_2513.jpg,AN 88
Image_2514.jpg,CLODIUS PARNASSIAN
Image_2515.jpg,PINE WHITE
Image_2516.jpg,BANDED ORANGE HELICONIAN
Image_2517.jpg,PIPEVINE SWALLOW
Image_2518.jpg,POPINJAY
Image_2519.jpg,PIPEVINE SWALLOW
Image_2520.jpg,POPINJAY
Image_2521.jpg,CLODIUS PARNASSIAN
Image_2522.jpg,BLACK HAIRSTREAK
Image_2523.jpg,CLEOPATRA
Image_2524.jpg,AN 88
Image_2525.jpg,PURPLISH COPPER
Image_2526.jpg,CAIRNS BIRDWING
Image_2527.jpg,PURPLE HAIRSTREAK
Image_2528.jpg,ORCHARD SWALLOW
Image_2529.jpg,BROWN SIPROETA
Image_2530.jpg,CRECENT
Image_2531.jpg,STRAITED QUEEN
Image_2532.jpg,SILVER SPOT SKIPPER
Image_2533.jpg,AMERICAN SNOOT
Image_2534.jpg,CABBAGE WHITE
Image_2535.jpg,ORANGE OAKLEAF
Image_2536.jpg,CHECQUERED SKIPPER
Image_2537.jpg,DANAID EGGFLY
Image_2538.jpg,RED CRACKER
Image_2539.jpg,CHECQUERED SKIPPER
Image_2540.jpg,YELLOW SWALLOW TAIL
Image_2541.jpg,QUESTION MARK
Image_2542.jpg,JULIA
Image_2543.jpg,BANDED PEACOCK
Image_2544.jpg,METALMARK
Image_2545.jpg,CLEOPATRA
Image_2546.jpg,METALMARK
Image_2547.jpg,RED CRACKER
Image_2548.jpg,RED SPOTTED PURPLE
Image_2549.jpg,BROWN SIPROETA
Image_2550.jpg,VICEROY
Image_2551.jpg,SILVER SPOT SKIPPER
Image_2552.jpg,PURPLE HAIRSTREAK
Image_2553.jpg,SLEEPY ORANGE
Image_2554.jpg,IPHICLUS SISTER
Image_2555.jpg,GOLD BANDED
Image_2556.jpg,PINE WHITE
Image_2557.jpg,GREAT JAY
Image_2558.jpg,MALACHITE
Image_2559.jpg,BANDED PEACOCK
Image_2560.jpg,GREY HAIRSTREAK
Image_2561.jpg,COMMON WOOD-NYMPH
Image_2562.jpg,ELBOWED PIERROT
Image_2563.jpg,ADONIS
Image_2564.jpg,ZEBRA LONG WING
Image_2565.jpg,BROWN SIPROETA
Image_2566.jpg,YELLOW SWALLOW TAIL
Image_2567.jpg,GREY HAIRSTREAK
Image_2568.jpg,PAPER KITE
Image_2569.jpg,COPPER TAIL
Image_2570.jpg,AN 88
Image_2571.jpg,GREEN CELLED CATTLEHEART
Image_2572.jpg,RED POSTMAN
Image_2573.jpg,ORANGE TIP
Image_2574.jpg,CAIRNS BIRDWING
Image_2575.jpg,APPOLLO
Image_2576.jpg,SILVER SPOT SKIPPER
Image_2577.jpg,COMMON WOOD-NYMPH
Image_2578.jpg,EASTERN DAPPLE WHITE
Image_2579.jpg,CHECQUERED SKIPPER
Image_2580.jpg,DANAID EGGFLY
Image_2581.jpg,ADONIS
Image_2582.jpg,JULIA
Image_2583.jpg,BLACK HAIRSTREAK
Image_2584.jpg,PAINTED LADY
Image_2585.jpg,PAINTED LADY
Image_2586.jpg,JULIA
Image_2587.jpg,PURPLE HAIRSTREAK
Image_2588.jpg,DANAID EGGFLY
Image_2589.jpg,TROPICAL LEAFWING
Image_2590.jpg,MONARCH
Image_2591.jpg,AMERICAN SNOOT
Image_2592.jpg,BANDED PEACOCK
Image_2593.jpg,BANDED ORANGE HELICONIAN
Image_2594.jpg,SOOTYWING
Image_2595.jpg,SOUTHERN DOGFACE
Image_2596.jpg,SCARCE SWALLOW
Image_2597.jpg,YELLOW SWALLOW TAIL
Image_2598.jpg,SOOTYWING
Image_2599.jpg,PEACOCK
Image_2600.jpg,ORCHARD SWALLOW
Image_2601.jpg,AFRICAN GIANT SWALLOWTAIL
Image_2602.jpg,COMMON WOOD-NYMPH
Image_2603.jpg,CHESTNUT
Image_2604.jpg,GOLD BANDED
Image_2605.jpg,MALACHITE
Image_2606.jpg,CABBAGE WHITE
Image_2607.jpg,RED SPOTTED PURPLE
Image_2608.jpg,APPOLLO
Image_2609.jpg,MESTRA
Image_2610.jpg,EASTERN DAPPLE WHITE
Image_2611.jpg,CRECENT
Image_2612.jpg,LARGE MARBLE
Image_2613.jpg,BANDED PEACOCK
Image_2614.jpg,ATALA
Image_2615.jpg,ADONIS
Image_2616.jpg,COMMON WOOD-NYMPH
Image_2617.jpg,VICEROY
Image_2618.jpg,PIPEVINE SWALLOW
Image_2619.jpg,CHESTNUT
Image_2620.jpg,QUESTION MARK
Image_2621.jpg,SILVER SPOT SKIPPER
Image_2622.jpg,PURPLE HAIRSTREAK
Image_2623.jpg,IPHICLUS SISTER
Image_2624.jpg,GREY HAIRSTREAK
Image_2625.jpg,MOURNING CLOAK
Image_2626.jpg,MANGROVE SKIPPER
Image_2627.jpg,PEACOCK
Image_2628.jpg,CLEOPATRA
Image_2629.jpg,CHECQUERED SKIPPER
Image_2630.jpg,TWO BARRED FLASHER
Image_2631.jpg,STRAITED QUEEN
Image_2632.jpg,CLOUDED SULPHUR
Image_2633.jpg,CLEOPATRA
Image_2634.jpg,GREEN CELLED CATTLEHEART
Image_2635.jpg,MALACHITE
Image_2636.jpg,EASTERN PINE ELFIN
Image_2637.jpg,SLEEPY ORANGE
Image_2638.jpg,INDRA SWALLOW
Image_2639.jpg,VICEROY
Image_2640.jpg,BANDED ORANGE HELICONIAN
Image_2641.jpg,BLACK HAIRSTREAK
Image_2642.jpg,LARGE MARBLE
Image_2643.jpg,TWO BARRED FLASHER
Image_2644.jpg,BLUE SPOTTED CROW
Image_2645.jpg,ULYSES
Image_2646.jpg,RED SPOTTED PURPLE
Image_2647.jpg,APPOLLO
Image_2648.jpg,SCARCE SWALLOW
Image_2649.jpg,ADONIS
Image_2650.jpg,EASTERN DAPPLE WHITE
Image_2651.jpg,MANGROVE SKIPPER
Image_2652.jpg,WOOD SATYR
Image_2653.jpg,ORANGE OAKLEAF
Image_2654.jpg,GREAT JAY
Image_2655.jpg,CHESTNUT
Image_2656.jpg,ADONIS
Image_2657.jpg,GREAT EGGFLY
Image_2658.jpg,COPPER TAIL
Image_2659.jpg,WOOD SATYR
Image_2660.jpg,PAPER KITE
Image_2661.jpg,GOLD BANDED
Image_2662.jpg,ATALA
Image_2663.jpg,MALACHITE
Image_2664.jpg,POPINJAY
Image_2665.jpg,GREEN CELLED CATTLEHEART
Image_2666.jpg,CLEOPATRA
Image_2667.jpg,ORANGE TIP
Image_2668.jpg,AN 88
Image_2669.jpg,SCARCE SWALLOW
Image_2670.jpg,MALACHITE
Image_2671.jpg,ZEBRA LONG WING
Image_2672.jpg,CLEOPATRA
Image_2673.jpg,ELBOWED PIERROT
Image_2674.jpg,JULIA
Image_2675.jpg,ATALA
Image_2676.jpg,MONARCH
Image_2677.jpg,SOOTYWING
Image_2678.jpg,WOOD SATYR
Image_2679.jpg,ADONIS
Image_2680.jpg,PAINTED LADY
Image_2681.jpg,PEACOCK
Image_2682.jpg,MANGROVE SKIPPER
Image_2683.jpg,APPOLLO
Image_2684.jpg,RED CRACKER
Image_2685.jpg,CAIRNS BIRDWING
Image_2686.jpg,AMERICAN SNOOT
Image_2687.jpg,SOUTHERN DOGFACE
Image_2688.jpg,ELBOWED PIERROT
Image_2689.jpg,ORANGE OAKLEAF
Image_2690.jpg,GREY HAIRSTREAK
Image_2691.jpg,SOUTHERN DOGFACE
Image_2692.jpg,IPHICLUS SISTER
Image_2693.jpg,PURPLISH COPPER
Image_2694.jpg,CRIMSON PATCH
Image_2695.jpg,ATALA
Image_2696.jpg,GREY HAIRSTREAK
Image_2697.jpg,MESTRA
Image_2698.jpg,PURPLISH COPPER
Image_2699.jpg,MONARCH
Image_2700.jpg,AN 88
Image_2701.jpg,EASTERN COMA
Image_2702.jpg,MILBERTS TORTOISESHELL
Image_2703.jpg,EASTERN COMA
Image_2704.jpg,RED ADMIRAL
Image_2705.jpg,PINE WHITE
Image_2706.jpg,ATALA
Image_2707.jpg,SOUTHERN DOGFACE
Image_2708.jpg,YELLOW SWALLOW TAIL
Image_2709.jpg,RED POSTMAN
Image_2710.jpg,GREAT JAY
Image_2711.jpg,MOURNING CLOAK
Image_2712.jpg,CLODIUS PARNASSIAN
Image_2713.jpg,ZEBRA LONG WING
Image_2714.jpg,STRAITED QUEEN
Image_2715.jpg,CRIMSON PATCH
Image_2716.jpg,AMERICAN SNOOT
Image_2717.jpg,BLUE SPOTTED CROW
Image_2718.jpg,BLACK HAIRSTREAK
Image_2719.jpg,SLEEPY ORANGE
Image_2720.jpg,EASTERN PINE ELFIN
Image_2721.jpg,COPPER TAIL
Image_2722.jpg,CAIRNS BIRDWING
Image_2723.jpg,PAPER KITE
Image_2724.jpg,WOOD SATYR
Image_2725.jpg,METALMARK
Image_2726.jpg,MALACHITE
Image_2727.jpg,COMMON BANDED AWL
Image_2728.jpg,PURPLE HAIRSTREAK
Image_2729.jpg,CRECENT
Image_2730.jpg,CLODIUS PARNASSIAN
Image_2731.jpg,GREAT EGGFLY
Image_2732.jpg,CLEOPATRA
Image_2733.jpg,CABBAGE WHITE
Image_2734.jpg,BROWN SIPROETA
Image_2735.jpg,CLEOPATRA
Image_2736.jpg,CAIRNS BIRDWING
Image_2737.jpg,DANAID EGGFLY
Image_2738.jpg,RED ADMIRAL
Image_2739.jpg,ELBOWED PIERROT
Image_2740.jpg,WOOD SATYR
Image_2741.jpg,INDRA SWALLOW
Image_2742.jpg,PIPEVINE SWALLOW
Image_2743.jpg,EASTERN PINE ELFIN
Image_2744.jpg,GREAT JAY
Image_2745.jpg,COMMON WOOD-NYMPH
Image_2746.jpg,DANAID EGGFLY
Image_2747.jpg,METALMARK
Image_2748.jpg,CRECENT
Image_2749.jpg,IPHICLUS SISTER
Image_2750.jpg,ORANGE TIP
Image_2751.jpg,YELLOW SWALLOW TAIL
Image_2752.jpg,BROWN SIPROETA
Image_2753.jpg,CRIMSON PATCH
Image_2754.jpg,COMMON WOOD-NYMPH
Image_2755.jpg,MILBERTS TORTOISESHELL
Image_2756.jpg,BANDED ORANGE HELICONIAN
Image_2757.jpg,APPOLLO
Image_2758.jpg,METALMARK
Image_2759.jpg,EASTERN COMA
Image_2760.jpg,CHESTNUT
Image_2761.jpg,RED CRACKER
Image_2762.jpg,TWO BARRED FLASHER
Image_2763.jpg,CHECQUERED SKIPPER
Image_2764.jpg,CHESTNUT
Image_2765.jpg,EASTERN COMA
Image_2766.jpg,SCARCE SWALLOW
Image_2767.jpg,MOURNING CLOAK
Image_2768.jpg,PIPEVINE SWALLOW
Image_2769.jpg,MOURNING CLOAK
Image_2770.jpg,ZEBRA LONG WING
Image_2771.jpg,IPHICLUS SISTER
Image_2772.jpg,MILBERTS TORTOISESHELL
Image_2773.jpg,SOUTHERN DOGFACE
Image_2774.jpg,SLEEPY ORANGE
Image_2775.jpg,SCARCE SWALLOW
Image_2776.jpg,SCARCE SWALLOW
Image_2777.jpg,CRIMSON PATCH
Image_2778.jpg,APPOLLO
Image_2779.jpg,IPHICLUS SISTER
Image_2780.jpg,IPHICLUS SISTER
Image_2781.jpg,METALMARK
Image_2782.jpg,BLACK HAIRSTREAK
Image_2783.jpg,PIPEVINE SWALLOW
Image_2784.jpg,PIPEVINE SWALLOW
Image_2785.jpg,DANAID EGGFLY
Image_2786.jpg,BECKERS WHITE
